-- MySQL dump 10.13  Distrib 8.0.16, for Win64 (x86_64)
--
-- Host: localhost    Database: celdb
-- ------------------------------------------------------
-- Server version	8.0.16

/*!40101 SET @OLD_CHARACTER_SET_CLIENT=@@CHARACTER_SET_CLIENT */;
/*!40101 SET @OLD_CHARACTER_SET_RESULTS=@@CHARACTER_SET_RESULTS */;
/*!40101 SET @OLD_COLLATION_CONNECTION=@@COLLATION_CONNECTION */;
 SET NAMES utf8 ;
/*!40103 SET @OLD_TIME_ZONE=@@TIME_ZONE */;
/*!40103 SET TIME_ZONE='+00:00' */;
/*!40014 SET @OLD_UNIQUE_CHECKS=@@UNIQUE_CHECKS, UNIQUE_CHECKS=0 */;
/*!40014 SET @OLD_FOREIGN_KEY_CHECKS=@@FOREIGN_KEY_CHECKS, FOREIGN_KEY_CHECKS=0 */;
/*!40101 SET @OLD_SQL_MODE=@@SQL_MODE, SQL_MODE='NO_AUTO_VALUE_ON_ZERO' */;
/*!40111 SET @OLD_SQL_NOTES=@@SQL_NOTES, SQL_NOTES=0 */;

--
-- Table structure for table `app_user`
--

DROP TABLE IF EXISTS `app_user`;
/*!40101 SET @saved_cs_client     = @@character_set_client */;
 SET character_set_client = utf8mb4 ;
CREATE TABLE `app_user` (
  `id` bigint(20) NOT NULL AUTO_INCREMENT,
  `EMAIL` varchar(255) NOT NULL,
  `EXCLUSION_FLAG` bit(1) DEFAULT NULL,
  `FIRST_NAME` varchar(255) NOT NULL,
  `INCLUSION_DATE` datetime DEFAULT NULL,
  `INSTITUTION` varchar(255) NOT NULL,
  `LAST_NAME` varchar(255) NOT NULL,
  `LOGIN` varchar(255) NOT NULL,
  `PASSWORD` varchar(255) NOT NULL,
  PRIMARY KEY (`id`),
  UNIQUE KEY `UK_897h0d6ygwjki246ed1l092tv` (`LOGIN`)
) ENGINE=MyISAM AUTO_INCREMENT=4 DEFAULT CHARSET=latin1;
/*!40101 SET character_set_client = @saved_cs_client */;

--
-- Dumping data for table `app_user`
--

LOCK TABLES `app_user` WRITE;
/*!40000 ALTER TABLE `app_user` DISABLE KEYS */;
INSERT INTO `app_user` VALUES (1,'test@cel.com',_binary '\0','Test',NULL,'UNSA','User','test','$2a$10$fm0SwxuDCAznM66jOtz4AulxqeMvpBxHnqX0hbYbwu4EXAfqrbl3i');
/*!40000 ALTER TABLE `app_user` ENABLE KEYS */;
UNLOCK TABLES;

--
-- Table structure for table `app_user_user_profile`
--

DROP TABLE IF EXISTS `app_user_user_profile`;
/*!40101 SET @saved_cs_client     = @@character_set_client */;
 SET character_set_client = utf8mb4 ;
CREATE TABLE `app_user_user_profile` (
  `USER_ID` bigint(20) NOT NULL,
  `USER_PROFILE_ID` bigint(20) NOT NULL,
  PRIMARY KEY (`USER_ID`,`USER_PROFILE_ID`),
  KEY `FK8w1hjq4mgw8b6xx41bb3q9yqk` (`USER_PROFILE_ID`)
) ENGINE=MyISAM DEFAULT CHARSET=latin1;
/*!40101 SET character_set_client = @saved_cs_client */;

--
-- Dumping data for table `app_user_user_profile`
--

LOCK TABLES `app_user_user_profile` WRITE;
/*!40000 ALTER TABLE `app_user_user_profile` DISABLE KEYS */;
INSERT INTO `app_user_user_profile` VALUES (1,2),(2,2),(3,4);
/*!40000 ALTER TABLE `app_user_user_profile` ENABLE KEYS */;
UNLOCK TABLES;

--
-- Table structure for table `lexicon`
--

DROP TABLE IF EXISTS `lexicon`;
/*!40101 SET @saved_cs_client     = @@character_set_client */;
 SET character_set_client = utf8mb4 ;
CREATE TABLE `lexicon` (
  `id` bigint(20) NOT NULL AUTO_INCREMENT,
  `EXCLUSION_FLAG` bit(1) DEFAULT NULL,
  `IMPACT` longtext NOT NULL,
  `INCLUSION_DATE` datetime DEFAULT NULL,
  `TYPE` varchar(7) NOT NULL,
  `NAME` varchar(500) NOT NULL,
  `NOTION` longtext NOT NULL,
  `OWNER_ID` bigint(20) DEFAULT NULL,
  `PROJECT_ID` bigint(20) DEFAULT NULL,
  PRIMARY KEY (`id`),
  KEY `FK7od8ek6bi48q6bx6d7030v90u` (`OWNER_ID`),
  KEY `FK9anm7jyx9k28gln95yxklaipv` (`PROJECT_ID`)
) ENGINE=MyISAM AUTO_INCREMENT=256 DEFAULT CHARSET=latin1;
/*!40101 SET character_set_client = @saved_cs_client */;

--
-- Dumping data for table `lexicon`
--

LOCK TABLES `lexicon` WRITE;
/*!40000 ALTER TABLE `lexicon` DISABLE KEYS */;
INSERT INTO `lexicon` VALUES (210,_binary '\0','tem titulo, objetivo, atores, recursos, episódios, exceções e restrições','2014-01-27 04:51:25','OBJECT','scenario','descreve situaçãoes do sistema',1,142),(211,_binary '','transformação de modelos','2014-01-27 05:10:54','OBJECT','cenário estruturado','Cenário em formato transformavel a fromato XML',1,142),(212,_binary '','Tem um cenário de teste\ntem variáveis de teste','2014-01-27 05:12:10','OBJECT','casos de teste','A PARTIR DE CENÁRIO',1,142),(213,_binary '','derivado de um cenário','2014-01-27 05:14:51','OBJECT','diagrama de atividades','Representação visual de um cenário como um modelo comportamental',1,142),(214,_binary '','executa um cenário','2014-01-27 05:20:10','OBJECT','cenário de teste','caminho do grafo',1,142),(215,_binary '','tem condições','2014-01-27 05:21:21','OBJECT','elemento de teste','variável de entrada usada pelo cenário',1,142),(216,_binary '\0','Sua descrição deve ter em conta o Tipo associado.\r\nPode ter zero ou mais Sinônimos.\r\n','2014-01-27 06:56:16','OBJECT','Symbol','Palavra o frase relevante no Universo de Discurso.\r\nComposto por Noção, Impacto, Nome e Sinônimos. ',1,142),(217,_binary '\0','','2014-01-28 11:32:29','SUBJECT','user','Usuário do sistema',1,142),(218,_binary '\0','System under consideration','2014-01-28 05:32:52','SUBJECT','System','Sistema C&L',1,142),(221,_binary '\0','verificação de cenários','2014-05-23 14:52:42','OBJECT','DEOs','Discrepancias, erros e omisões nos cenários',1,142),(222,_binary '\0','Contruir léxico e cenários do software','2014-05-23 09:53:40','SUBJECT','Requirements engineer','Engenheiro de Requisitos',1,142),(223,_binary '\0','agrupa cenários\r\nagrupa símbolos\r\nagrupa usuários','2014-05-23 10:25:28','OBJECT','project','gerencia os cenários e símbolos de uma aplicação',1,142),(245,_binary '\0','It is a person who would like to study at the University. ','2016-02-20 04:54:15','SUBJECT','Candidate','It is a person who would like to study at the University. ',1,154),(246,_binary '\0','Person who is responsible for managing the system. ','2016-02-20 04:54:39','SUBJECT','Administrator','Person who is responsible for managing the system. ',1,154),(247,_binary '\0','Actor, which represents developed system. ','2016-02-20 04:55:20','SUBJECT','System','Actor, which represents developed system. ',1,154),(248,_binary '\0','Selecting committee is a group of people who are responsible for admitting candidates for the certain majors. ','2016-02-20 04:55:53','SUBJECT','Selecting committee','Selecting committee is a group of people who are responsible for admitting candidates for the certain majors. ',1,154),(249,_binary '\0','This is most general actor, which in an abstraction of all users in the system. ','2016-02-20 04:56:26','SUBJECT','User','This is most general actor, which in an abstraction of all users in the system. ',1,154),(250,_binary '\0','This is a system which stores information about students at the university. ','2016-02-20 04:56:53','SUBJECT','Students management system','This is a system which stores information about students at the university. ',1,154),(251,_binary '\0','This actors represents the banking system, which will provide files containing billing data. ','2016-02-20 04:57:40','SUBJECT','Bank','This actors represents the banking system, which will provide files containing billing data. ',1,154),(252,_binary '\0','MOD1_UC1. Register in the system\nMOD1_UC2. Provide personal and education information\nMOD1_UC3. Choose a major\nMOD1_UC4. Assign an application fee to a major\nMOD1_UC5. Check application status\nMOD1_UC6. Print application\nMOD1_UC7. Define majors prorities\nMOD1_UC8. Apply for payment cancellation\nMOD1_UC9. Ask a question concerning admission\nMOD1_UC10. Add a post to the admission forum\nMOD1_UC11. View a post at admission forum.\nMOD1_UC12. Activate admission reminder ','2016-02-20 04:58:28','OBJECT','Applications Handling Module','Applications Handling Module',1,154),(253,_binary '\0','MOD2_UC1. Create a new admission\nMOD2_UC2. Add a major to admission\nMOD2_UC3. Define a new major\nMOD2_UC4. Add a new subject\nMOD2_UC6. Transfer Candidates\' data\nMOD2_UC7. Remove unused accounts\nMOD2_UC5. Add a new language\nMOD2_UC8. Add a new user\nMOD2_UC9. Remove\nMOD2_UC10. Define an admission algorithm\nMOD2_UC11. Test an admission algorithm\nMOD2_UC12. Import admissions fees\nMOD2_UC13. Modify Candidates\' data\nMOD2_UC14. Solve issues\nMOD2_UC15. Remove post from the admission forum ','2016-02-20 04:59:09','OBJECT','Administration Module','Administration Module',1,154),(254,_binary '\0','MOD3_UC1. Qualify candidates\nMOD3_UC2. Verify Candidate\'s application data\nMOD3_UC3. Prepare an examination ','2016-02-20 04:59:32','OBJECT','Qualification Module','Qualification Module',1,154),(255,_binary '\0','MOD4_UC1. Monitor number of applications\nMOD4_UC2. Monitor changes in the system\nMOD4_UC3. Send message to User ','2016-02-20 05:00:05','OBJECT','Admission Monitoring Module','Admission Monitoring Module',1,154);
/*!40000 ALTER TABLE `lexicon` ENABLE KEYS */;
UNLOCK TABLES;

--
-- Table structure for table `persistent_logins`
--

DROP TABLE IF EXISTS `persistent_logins`;
/*!40101 SET @saved_cs_client     = @@character_set_client */;
 SET character_set_client = utf8mb4 ;
CREATE TABLE `persistent_logins` (
  `series` varchar(255) NOT NULL,
  `last_used` datetime DEFAULT NULL,
  `TOKEN` varchar(255) NOT NULL,
  `USERNAME` varchar(255) NOT NULL,
  PRIMARY KEY (`series`),
  UNIQUE KEY `UK_3gq9wkitbp2ave684iu50mhn7` (`TOKEN`),
  UNIQUE KEY `UK_a6c251uovnx2cp2c3vv2dentk` (`USERNAME`)
) ENGINE=MyISAM DEFAULT CHARSET=latin1;
/*!40101 SET character_set_client = @saved_cs_client */;

--
-- Dumping data for table `persistent_logins`
--

LOCK TABLES `persistent_logins` WRITE;
/*!40000 ALTER TABLE `persistent_logins` DISABLE KEYS */;
/*!40000 ALTER TABLE `persistent_logins` ENABLE KEYS */;
UNLOCK TABLES;

--
-- Table structure for table `project`
--

DROP TABLE IF EXISTS `project`;
/*!40101 SET @saved_cs_client     = @@character_set_client */;
 SET character_set_client = utf8mb4 ;
CREATE TABLE `project` (
  `id` bigint(20) NOT NULL AUTO_INCREMENT,
  `CASE_SENSITIVE` bit(1) DEFAULT NULL,
  `DESCRIPTION` longtext NOT NULL,
  `EXCLUSION_FLAG` bit(1) DEFAULT NULL,
  `INCLUSION_DATE` datetime DEFAULT NULL,
  `NAME` varchar(500) NOT NULL,
  `OWNER_ID` bigint(20) DEFAULT NULL,
  `LANGUAGE` varchar(10) NOT NULL,
  PRIMARY KEY (`id`),
  UNIQUE KEY `UK_91c3xxc5m2dkyclcjpg660bal` (`NAME`),
  KEY `FKdiw605eg66l7ng6fpju8h960i` (`OWNER_ID`)
) ENGINE=MyISAM AUTO_INCREMENT=157 DEFAULT CHARSET=latin1;
/*!40101 SET character_set_client = @saved_cs_client */;

--
-- Dumping data for table `project`
--

LOCK TABLES `project` WRITE;
/*!40000 ALTER TABLE `project` DISABLE KEYS */;
INSERT INTO `project` VALUES (142,_binary '','CeL é um editor de cenários e léxicos.\r\nTambém permite gerar casos de teste a partir de descriçõies de cenários.\r\n- Cenários estruturados - XML.\r\n- Cenários a grafos.\r\n- Cenários a diagramas de atividades UML.\r\n- Cenários a cenários de teste.\r\n- Cenários a elementos de teste (variáveis, condições e resultados esperados).\r\n - Cenários e léxico a casos de teste.',_binary '\0','2014-01-24 02:48:00','CeL',1,'PORTUGUESE'),(146,_binary '\0','The Broker System allows customers to find the best supplier for a given order',_binary '\0','2015-06-12 07:53:59','The Broker System',1,'ENGLISH'),(147,_binary '\0','Automated Guided Vehicle System',_binary '\0','2015-12-22 03:50:11','Automated Guided Vehicle System',1,'ENGLISH'),(148,_binary '\0','Emergency Monitoring System',_binary '\0','2015-12-22 04:18:43','Emergency Monitoring System',1,'ENGLISH'),(149,_binary '\0','online shopping system',_binary '\0','2015-12-22 05:54:03','online shopping system',1,'ENGLISH'),(150,_binary '\0','Ticket Monitor System',_binary '\0','2015-12-22 06:52:23','Ticket Monitor System',1,'ENGLISH'),(152,_binary '\0','Problem Statement\r\nA supplier of ATMs is to produce a new cash point for a major bank. A requirements analysis has\r\nrevealed a number of important functions. As well as withdrawing cash, a customer can check\r\ntheir balance, make a deposit and change their PIN number.\r\nActor Specification\r\nUser\r\nThe User has a bank account at the Bank. The User has a valid bankers, credit or debit card. The\r\nUser should have sufficient funds in their account (though this will have to be checked before each\r\nwithdrawal transaction is allowed).',_binary '\0','2016-02-16 01:55:57','ATM Use Cases',1,'ENGLISH'),(153,_binary '\0','dLibra CRM use cases',_binary '\0','2016-02-18 06:16:56','dLibra CRM use cases',1,'ENGLISH'),(154,_binary '\0','Project Details:\r\nE-nrollment is a system, which enables candidates to apply for the studies through the Internet.\r\n\r\nThis specification does not describe the real system. It was created as a benchmark specification based on the analysis of use cases collected in the Use Case Database.\r\nActors\r\nActors are roles which might be played by certain users.\r\nCandidate\r\nIt is a person who would like to study at the University.\r\nAdministrator\r\nPerson who is responsible for managing the system.\r\nSystem\r\nActor, which represents developed system.\r\nSelecting committee\r\nSelecting committee is a group of people who are responsible for admiting candidates for the certain majors.\r\nUser\r\nThis is most general actor, which in an abstraction of all users in the system.\r\nStudents management system\r\nThis is a system which stores information about students at the university.\r\nBank\r\nThis actors represents the banking system, which will provide files containing biling data.\r\nModules\r\nApplications Handling Module\r\nMOD1_UC1. Register in the system\r\nMOD1_UC2. Provide personal and education information\r\nMOD1_UC3. Choose a major\r\nMOD1_UC4. Assign an application fee to a major\r\nMOD1_UC5. Check application status\r\nMOD1_UC6. Print application\r\nMOD1_UC7. Define majors prorities\r\nMOD1_UC8. Apply for payment cancellation\r\nMOD1_UC9. Ask a question concerning admission\r\nMOD1_UC10. Add a post to the admission forum\r\nMOD1_UC11. View a post at admission forum.\r\nMOD1_UC12. Activate admission reminder\r\nAdministration Module\r\nMOD2_UC1. Create a new admission\r\nMOD2_UC2. Add a major to admission\r\nMOD2_UC3. Define a new major\r\nMOD2_UC4. Add a new subject\r\nMOD2_UC6. Transfer Candidates\' data\r\nMOD2_UC7. Remove unused accounts\r\nMOD2_UC5. Add a new language\r\nMOD2_UC8. Add a new user\r\nMOD2_UC9. Remove\r\nMOD2_UC10. Define an admission algorithm\r\nMOD2_UC11. Test an admission algorithm\r\nMOD2_UC12. Import admissions fees\r\nMOD2_UC13. Modify Candidates\' data\r\nMOD2_UC14. Solve issues\r\nMOD2_UC15. Remove post from the admission forum\r\nQualification Module\r\nMOD3_UC1. Qualify candidates\r\nMOD3_UC2. Verify Candidate\'s application data\r\nMOD3_UC3. Prepare an examination\r\nAdmission Monitoring Module\r\nMOD4_UC1. Monitor number of applications\r\nMOD4_UC2. Monitor changes in the system\r\nMOD4_UC3. Send message to User\r\n\r\nMockup generated by UCWorkbench tool www.ucworkbench.org ',_binary '\0','2016-02-19 20:08:36','Admission System version 2.0F (qualitative)',1,'ENGLISH'),(155,_binary '\0','Mobile News use cases',_binary '\0','2016-03-18 03:48:45','Mobile News use cases',1,'ENGLISH');
/*!40000 ALTER TABLE `project` ENABLE KEYS */;
UNLOCK TABLES;

--
-- Table structure for table `project_user`
--

DROP TABLE IF EXISTS `project_user`;
/*!40101 SET @saved_cs_client     = @@character_set_client */;
 SET character_set_client = utf8mb4 ;
CREATE TABLE `project_user` (
  `EXCLUSION_FLAG` bit(1) DEFAULT NULL,
  `INCLUSION_DATE` datetime DEFAULT NULL,
  `IS_PROJECT_LEAD` bit(1) DEFAULT NULL,
  `USER_ID` bigint(20) NOT NULL,
  `PROJECT_ID` bigint(20) NOT NULL,
  `AUTHORIZER_ID` bigint(20) DEFAULT NULL,
  PRIMARY KEY (`USER_ID`,`PROJECT_ID`),
  KEY `FKkbike9offcso418w5i2wgmn48` (`PROJECT_ID`),
  KEY `FKbwqjn5mruixbwelrlf9pqb2kr` (`AUTHORIZER_ID`)
) ENGINE=MyISAM DEFAULT CHARSET=latin1;
/*!40101 SET character_set_client = @saved_cs_client */;

--
-- Dumping data for table `project_user`
--

LOCK TABLES `project_user` WRITE;
/*!40000 ALTER TABLE `project_user` DISABLE KEYS */;
INSERT INTO `project_user` VALUES (_binary '\0','2013-12-05 11:38:21',_binary '',1,140,1),(_binary '\0','2019-07-03 19:07:02',_binary '\0',1,142,1),(_binary '\0','2019-07-03 19:07:36',_binary '\0',1,146,1),(_binary '\0','2019-07-03 19:07:47',_binary '\0',1,147,1),(_binary '\0','2019-07-03 19:07:59',_binary '\0',1,148,1),(_binary '\0','2019-07-03 19:08:08',_binary '\0',1,149,1),(_binary '\0','2019-07-03 19:08:18',_binary '\0',1,150,1),(_binary '\0','2019-07-03 19:08:41',_binary '\0',1,152,1),(_binary '\0','2019-07-03 19:08:55',_binary '\0',1,153,1),(_binary '\0','2019-07-03 19:09:20',_binary '\0',1,154,1),(_binary '\0','2019-07-03 19:09:07',_binary '\0',1,155,1),(_binary '\0','2018-11-22 20:26:56',_binary '\0',1,156,1);
/*!40000 ALTER TABLE `project_user` ENABLE KEYS */;
UNLOCK TABLES;

--
-- Table structure for table `scenario`
--

DROP TABLE IF EXISTS `scenario`;
/*!40101 SET @saved_cs_client     = @@character_set_client */;
 SET character_set_client = utf8mb4 ;
CREATE TABLE `scenario` (
  `id` bigint(20) NOT NULL AUTO_INCREMENT,
  `ACTORS` longtext NOT NULL,
  `CONTEXT` longtext NOT NULL,
  `EPISODES` longtext NOT NULL,
  `ALTERNATIVE` longtext NOT NULL,
  `EXCLUSION_FLAG` bit(1) DEFAULT NULL,
  `GOAL` longtext NOT NULL,
  `INCLUSION_DATE` datetime DEFAULT NULL,
  `RESORCES` longtext NOT NULL,
  `TITLE` varchar(500) NOT NULL,
  `OWNER_ID` bigint(20) DEFAULT NULL,
  `PROJECT_ID` bigint(20) DEFAULT NULL,
  PRIMARY KEY (`id`),
  KEY `FK261yyi7k7vtl2d134mwc0lw3s` (`OWNER_ID`),
  KEY `FKt09ua93ih10cdrmj87ds6r2lo` (`PROJECT_ID`)
) ENGINE=MyISAM AUTO_INCREMENT=244 DEFAULT CHARSET=latin1;
/*!40101 SET character_set_client = @saved_cs_client */;

--
-- Dumping data for table `scenario`
--

LOCK TABLES `scenario` WRITE;
/*!40000 ALTER TABLE `scenario` DISABLE KEYS */;
INSERT INTO `scenario` VALUES (111,'sistema','Localização: camada de modelo.\nPré-condição: CONSULTAR DADOS DE UM CENÁRIO NO MODELO DO CENÁRIO.','1. INICIALIZAR O CENARIO ESTRUTURADO QUE SERÁ RETORNADO \n2. DEFINIR AS EXPRESOES REGULARES PARA IDENTIFICAR RESTRICOES, RECURSOS, ATORES, EPISODIOS[TIPOS] E EXCECOES NO CENÁRIO\n3. IDENTIFICAR O TITULO DO CENÁRIO\n4. IDENTIFICAR O OBJETIVO DO CENÁRIO\n5. IDENTIFICAR O CONTEXTO E AS RESTRIÇÕES DEFINIDAS NO CONTEXTO DO CENÁRIO\n6. IDENTIFICAR OS ATORES DO CENÁRIO\n7. IDENTIFICAR OS RECURSOS E AS RESTRIÇÕES DEFINIDAS NOS RECURSOS DO CENÁRIO\n8. IDENTIFICAR A LISTA DE EPISODIOS [TIPOS DE EPISODIOS] E SUAS RESTRIÇÕES DEFINIDAS NOS EPISODIOS DO CENÁRIO\n9. IDENTIFICAR AS EXCEÇÕES[CAUSA ->SOLUCAO] DO CENÁRIO\n10. MONTAR O XML COM OS DADOS DO CENÁRIO ESTRUTURADO.  \n11. RETORNAR O CENÁRIO ESTRUTURADO E O XML.','4.1. Se cenário selecionado não valido ENTÃO Retornar ERRO',_binary '','Montar um XML com os dados detalhados do cenário.','2014-01-24 02:49:35','','Transformar dados do cenário em um formato de cenário estruturado',1,142),(112,'sistema','Localização: camada de modelo.\nPré-condição: CONSULTAR DADOS DE UM CENÁRIO NO MODELO DO CENÁRIO.','1. DEFINIR AS EXPRESOES REGULARES PARA IDENTIFICAR ESPAÇOS EM BRANCO, IDs DE EPISODIOS E EXCECOES NO CENÁRIO\n2. INICIALIZAR O GRAFO QUE SERA RETORNADO\n3. CRIAR O NÕ INICIAL \n4. SE A LISTA DE RESTRIÇÕES NO CONTEXTO É DIFERENTE DE  VAZIA ENTÃO CRIAR NÔS DE DECISÃO E TRANSIÇÕES DO CONTEXTO\n5. SE A LISTA DE RESTRIÇÕES NOS RECURSOS É DIFERENTE DE VAZIA ENTÃO CRIAR NÔS DE DECISÃO E TRANSIÇÕES DOS RECURSOS\n6. PARA CADA EPISODIO DA LISTA DE EPISODIOS, CRIAR NÔS DE AÇÃO, DECISÕES E TRANSIÇÕES PARA AS RESTRIÇÕES, CONDIÇÕES, E EXCEÇÕES /*Iterate episodes*/\n7. CRIAR O NÔ FINAL DO FLUXO PRINCIPAL \n8. MONTAR O XML COM OS DADOS DO CENÁRIO REPRESENTADOS COMO ELEMENTOS DE UM DIAGRAMA DE ATIVIDADES.\n9. RETORNAR O GRAFO E O XML, JUNTO COM OS NODES E TRANSIÇÕES DO GRAFO.','3.1. Se cenário selecionado não valido ENTÃO Retornar ERRO',_binary '','Montar um XML com os seguintes dados de um grafo: nodes e edges (arcs).\n','2014-01-24 03:06:15','','Transformar dados do cenário estruturado num grafo de atividades',1,142),(113,'sistema','Localização: camada de controle.\nPré-condição: CONSULTAR DADOS DE UM CENÁRIO PARA VISUALIZAÇÃO.','1. Inculir o arquivo modelo_cenario_lua\n2. Recuperar as informaçãoes passadas via POST\n3. Selecionar o cenário\n4. Transformar dados do cenário em um formato de cenário estruturado\n5. Transformar dados do cenário estruturado num grafo de atividades\n6. Transformar dados do cenário e seu grafo em casos de teste\n7. Seta o cabeçalho e retorna o XML com os dados do cenário e os casos de teste','4.1. Se cenário selecionado não valido ENTÃO Retornar ERRO',_binary '','Montar um XML com os seguintes dados de um cenário: diagrama de atividades, cenários de teste, variáveis de teste, condições e resultados esperados.','2014-01-24 03:21:09','','Controle transforma dados do cenário em casos de teste',1,142),(114,'dsfds','dsf','1. a\n2. se x=1 ENTÃO y\n3. if x=2 então z\n4. if x=2 então z','',_binary '','dsf','2014-01-24 03:51:41','','saf',1,142),(115,'sistema','Localização: camada de modelo.\nPré-condição: CONSULTAR DADOS DE UM CENÁRIO PARA VISUALIZAÇÃO.','1. IDENTIFICAR OS CENÁRIOS DE TESTE A PARTIR DO DIAGRAMA DE ATIVIDADES.\n2. IDENTIFICAR AS VARIÁVEIS DE TESTE E SUAS CONDIÇÕES A PARTIR DO CENÁRIO ESTRUTURADO.\n3. IDENTIFICAR OS RESULTADOS ESPERADOS A PARTIR DO CENÁRIO ESTRUTURADO.\n4. DESCREVER OS CASOS DE TESTE A PARTIR DOS CENÁRIOS DE TESTE E AS VARIÁVEIS DE ENTRADA.\n5. RETORNAR O XML DO CENÁRIO, GRAFO DE ATIVIDADES, CENÁRIOS DE TESTE, ELEMENTOS DE TESTE E CASOS DE TESTE.','1.1. SE grafo não valido ENTÃO Retornar ERRO no grafo.\n2.1. SE cenário selecionado não valido ENTÃO Retornar ERRO no cenário.',_binary '','Montar um XML com os seguintes dados de um cenário estruturado e seu grafo: diagrama de atividades, cenários de teste, variáveis de teste, condições e resultados esperados.','2014-01-27 01:42:09','','Transformar dados do cenário e seu grafo em casos de teste',1,142),(116,'usuário','test_case_cenario.lp\nLocalização: camada de visão\nPré-condição: EXIBIR AS INFORMAÇÕES DO CENÁRIO PARA VISUALIZAÇÃO.','1. Usuário procede a CONSULTAR DADOS DE UM CENÁRIO PARA VISUALIZAÇÃO.\n2. Sistema exibe o grafo de atividades, cenários de teste, elementos de teste e casos de teste do cenário.\n3. Exibir o botão cancelar visualização de casos de teste do cenário.','3.1. SE o botão cancelar visualização de casos de teste do cenário for acionado ENTÃO Exibir a mensagem de confirmação para sair da visualização dos casos de teste do cenário		',_binary '','Exibir um formulário com informações do cenário e seus casos de teste.\n','2014-01-27 01:56:24','','EXIBIR OS CASOS DE TESTE',1,142),(117,'sistema','funcoes_ajax.js\nLocalização: camada de visão.\nPré-condição: EXIBIR AS INFORMAÇÕES DO CENÁRIO','1. Monta requisição ajax e CONTROLE CONSULTA DADOS DO CENÁRIO	\n2. Apresenta o diagrama de atividades derivado do cenário.\n3. Apresenta os dados das ações do diagrama de atividades nos campos apropriados.\n4. Apresenta os dados das variaveis de entradas e suas condições nos campos apropriados.\n5. Apresenta os dados dos cenários de teste nos campos apropriados.\n6. Apresenta os dados dos casos de teste nos campos apropriados.\n7. Habilita os botões da interface com as opções salvar alterações e cancelar edição do cenário.\n		\n','1.1 SE houver algum erro durante a execução do ajax ENTÃO informar ao usuário que ocorreu erro na busca pelas informações do projeto',_binary '','Popular a página de exibição de um diagrama de atividades e os casos de teste do cenário.','2014-01-27 02:06:03','','Consultar dados de um cenário para gerar casos de teste',1,142),(118,'usuário, sistema','Pre-condição: CADASTRAR PROJETO','1. ELICITAR LÉXICO.\n2. CONSTRUIR CENÁRIO.\n3. CONSTRUIR CENÁRIO ESTRUTURADOS.\n4. DERIVAR DIAGRAMA DE ATIVIDADES.\n5. #IDENTIFICAR CENÁRIOS DE TESTE.\n6. IDENTIFICAR ELEMENTOS DE TESTE.#\n7. DESCREVER CASOS DE TESTE.\n8. GERAR VALORES DE TESTE.','',_binary '','Derivar os casos de teste, os elementos de teste e suas condiçoes a partir de uma descrição de cenário','2014-01-27 03:27:13','','GERAR CASOS DE TESTE',1,142),(119,'sistema.','Localização: camada de util.\n','1. Obter os índices inicial e final das ocorrências do texto informado na lista de itens.\n2. Se item selecionado é igual ao texto informado ENTÃO retornar true.			\n3. retornar resultado de comparacao.','',_binary '','Procurar um texto numa lista de Strings e retornar \'true\' caso algum item da lista seja igual ao texto informado.\n','2014-01-27 04:29:43','','Procurar texto numa lista de Strings',1,142),(120,'Engenheiro de Requisitos.','Pré-condição: CONSTRUIR O LAL.','1. O Engenheiro de Requisitos procede a IDENTIFICAR ATORES.\n2. GERAR A LISTA DE CENÁRIOS CANDIDATOS a partir dos Atores Principais.\n3. AMPLIAR A LISTA DE CENÁRIOS CANDIDATOS a partir dos Atores Secundários.\n4. DESCREVER OS CENÁRIOS CANDIDATOS.\n5. VERIFICAR OS CENÁRIOS.\n6. VALIDAR OS CENÁRIOS.\n7. ORGANIZAR OS CENÁRIOS.','1.1 SE Lista de Símbolos do LAL não válida ENTÃO Termina.\n7.1 SE Lista de DEOs não vazia ENTÃO Re-descrever os cenários.',_binary '','Construir Cenários a partir de símbolos do léxico da aplicação.','2014-01-27 06:32:46','','CONSTRUIR CENÁRIOS',1,142),(121,'usuário, sistema','Pre-condição: EXIBIR CENÁRIO','1. O usuário faz click no botão Gerar Casos de Teste.\n2. O sistema procede a CONSTRUIR CENÁRIO ESTRUTURADO.\n4. O sistema procede a DERIVAR DIAGRAMA DE ATIVIDADES.\n5. #O sistema procede a IDENTIFICAR CENÁRIOS DE TESTE.\n6. O sistema procede a IDENTIFICAR ELEMENTOS DE TESTE.#\n7. O sistema procede a DESCREVER CASOS DE TESTE.\n8. O sistema procede a EXIBIR OS CASOS DE TESTE.','',_binary '','Visualizar os casos de teste de um cenário selecionado','2014-01-27 07:31:23','','Manual de Uso: GERAR CASOS DE TESTE',1,142),(124,'Engenheiro de Requisitos.','Pré-condição: CONSTRUIR CENÁRIOS.','1. LISTAR OS CENÁRIOS DO PROJETO.\n2. IDENTIFICAR DEPENDENCIAS ENTRE CENÁRIOS POR PRE-CONDIÇÕES.\n3. IDENTIFICAR DEPENDENCIAS ENTRE CENÁRIOS POR EPISODIOS.\n4. IDENTIFICAR DEPENDENCIAS ENTRE CENÁRIOS POR EXCEÇÕES.\n5. IDENTIFICAR DEPENDENCIAS ENTRE CENÁRIOS POR RESTRIÇOES.\n6. GERAR UMA REPRESENTACAO XML A PARTIR DA LISTA DE CENÁRIOS E DEPENDENCIAS.\n7. GERAR UMA REPRESENTAÇÃO GRÁFICA A PARTIR DA REPRESENTAÇÃO XML DOS CENÁRIOS.\n8. ORGANIZAR A REPRESENTAÇÃO GRÁFICA.\n9. VISUALIZAR A REPRESENTAÇÃO GRÁFICA.','1.1. SE Cenários não válida ENTÃO Termina.\n7.1. SE REPRESENTAÇÃO XML NÃO VÁLIDA ENTÃO RE-DESCREVER OS CENÁRIOS.',_binary '','Construir um Grafo de Cenários a partir da lista de Cenários de um Projeto','2014-05-14 12:37:09','','CONSTRUIR UM GRAFO DE DEPENDENCIAS DE CENÁRIOS',1,142),(125,'Engenheiro de Requisitos.','Pre-condição:','1. LER A VARIÁVEL.\n2. LER O TEXTO\n3. CRIAR REGRAS DE IDENTIFICAÇÃO DE PLURAIS (expresões regulares)\n4. PROCURAR OS PLURAIS DA VARIÁVEL NO  TEXTO INFORMADO.\n5. RETORNAR UMA LISTA CONTENDO OS PLURAIS DA VARIÁVEL  INFORMADA.','1.1 SE VARIÁVEL não válida ENTÃO Termina.\n2.1 SE TEXTO NÃO VÁLIDO ENTÃO Termina.',_binary '','Identificar os plurais de uma Variável (cenário : cenários)','2014-05-14 12:45:22','','IDENTIFICAR OS PLURAIS DE UMA VARIÁVEL',1,142),(126,'Engenheiro de Requisitos.','	Pré-condição: ','1. LER A VARIÁVEL.\n2. LER O TEXTO\n3. CRIAR REGRAS DE IDENTIFICAÇÃO DE CONDIÇÕES (expresões regulares)\n4. PROCURAR AS CONDIÇÕES DA VARIÁVEL NO  TEXTO INFORMADO.\n5. RETORNAR UMA LISTA CONTENDO AS CONDIÇÕES DA VARIÁVEL  INFORMADA.','1.1 SE VARIÁVEL não válida ENTÃO Termina.\n2.1 SE TEXTO NÃO VÁLIDO ENTÃO Termina.',_binary '','Identificar condições ou estados de uma Variável (cenário : cenário cadastrado, cenário atualizado, cenário excluido)\nContexto ','2014-05-14 12:49:02','','IDENTIFICAR AS CONDIÇÕES DE UMA VARIÁVEL',1,142),(127,'ad','ada','1. ada\r\n','1.1 ad\r\n',_binary '','ad','2014-05-21 01:18:10','','as',1,142),(128,'User, System','The user needs to elicit the language and the situations of a specific domain.','1. User LOGIN THE SYSTEM.\r\n2. User SELECT PROJECT.\r\n3. # User ADD COLLABORATOR to the project\r\n4. User ADD LEXICON SYMBOL to the project\r\n5. User ADD SCENARIO to the project.#\r\n6. User LOGOUT THE SYSTEM.\r\n','1.1. If user not in the system then ADD USER.\r\n2.1. If list of projects is empty then ADD PROJECT. ',_binary '\0','Enable the collaboration between different users in the elaboration of projects using scenarios and symbols of the lexicon.','2014-05-23 10:07:04','','CeL System',1,142),(129,'usuario, sistema','Usuário não possui cadastro no sistema.','1.	usuario informa os dados do usuário.\n2.	Conectar ao banco de dados. Restrição: Banco de dados deve estar disponível.\n3.	Inserir dados do usuário no banco de dados.\n4.	Desconectar do banco de dados.Restrição: Banco de dados limpa.\n5.	Informar que os dados foram inseridos com sucesso no banco de dados.\n','3.1. Se dados de usuário - login já se encontram no banco de dados do sistema então Informar  que os dados não foram inseridos porque o login já existe.',_binary '\0','Cadastrar usuário no sistema através da inserção de seus dados no banco de dados.','2014-05-26 16:30:56','','ADD USER',1,142),(130,'usuário, sistema.','Usuário deve ter sido previamente cadastrado no sistema. ','1.	Sistema exibe para o usuário um formulário contendo dois campos: login e senha.\n2.	Usuário submete o formulário com os campos preenchidos. \nRestrição: Nenhum dos campos pode ser deixado em branco.\n3.	O sistema carrega os projetos que o usuário participa e o redireciona para a página principal.\n\n','1.1. Se login e senha informada pelo usuário não estão corretos então O sistema permite que o usuário tente novamente por mais duas vezes. \n1.2. Se o usuário errar seu login e senha por mais duas vezes então  ele terá que esperar 20 minutos para tentar novamente.',_binary '\0','Permitir que o usuário utilize o sistema se identificando através do preenchimento de um pequeno formulário com seu login e senha. ','2014-05-26 16:35:42','','LOGIN THE SYSTEM',1,142),(131,'usuário, sistema.','Usuário deve ter acessado o sistema.','1. Usuário seleciona a opção sair do sistema.\n2. O sistema encerra a sessão do usuário, mantendo a integridade das mudanças realizadas.\n3. O sistema redireciona o usuário para a página principal.','',_binary '\0','Permitir que o usuário saia do sistema, mantendo a integridade das mudanças realizadas.','2014-05-27 12:06:29','','LOGOUT THE SYSTEM',1,142),(132,'usuário, sistema.','Usuário deve estar autenticado no sistema.','1. Sistema exibe um formulário de cadastro de projeto, contendo os campos nome e descrição.\n2. Usuário submete o formulário preenchido. Restrição: todos os campos devem estar preenchidos.\n3. Sistema armazena a data atual, como data da inclusão do projeto.\n4. Sistema insere os seguintes dados no banco de dados: nome, descrição e data da inclusão.\n5. Sistema avisa ao usuário que o projeto foi inserido com sucesso e o redireciona para página principal.','2.1. Se projeto - nome já existe no sistema  então O usuário é avisado que deve escolher um novo nome para o projeto.',_binary '\0','Permitir que o usuário cadastre um novo projeto no sistema através da inclusão dos seguintes dados do projeto no banco de dados: nome, descrição e data da inclusão. Os campos nome e descrição devem ser informados pelo usuário através do preenchimento de um formulário. O sistema deve preencher automaticamente o campo data da inclusão com a data atual.','2014-05-27 12:19:27','','ADD PROJECT',1,142),(133,'usuário, sistema.','Usuário deve possuir um projeto cadastrado ou ser colaborador de um.','1. O sistema exibe uma lista dos projetos acessíveis para o usuário, destacando o seu nível de acesso em cada um deles. \n2. Usuário seleciona um dos projetos da lista.\n3. Os cenários e símbolos do léxico previamente cadastrados são exibidos em um menu lateral.\n4. As seguintes opções de tornam disponíveis para o usuário: cadastrar léxico, cadastrar cenário e gerar grafo do projeto.\n5. Caso o usuário possua nível de acesso de administrador ou gerente as seguintes opções surgiriam, além das anteriores: GERAR XML DO PROJETO, gerenciar colaboradores do projeto e verificar alterações propostas.','',_binary '\0','Permitir que o usuário trabalhe com um projeto específico, previamente cadastrado no sistema. O Sistema irá carregar os dados referentes ao projeto e exibirá no menu lateral todos os símbolos do léxico e cenários já cadastrados no projeto.','2014-05-27 12:21:49','','SELECT PROJECT',1,142),(134,'usuário, sistema.','Projeto cadastrado no sistema. ','1. Usuário seleciona a opção Novo cenário.\n2. O sistema exibe um formulário com os seguintes campos: título, objetivo, contexto, recursos, atores, episódios e exceção.\n3. Usuário submete o formulário preenchido. Restrição: Os campos título, objetivo, contexto, recursos, atores e episódios não podem ser deixados em branco.\n4. Sistema cadastra o novo cenário no projeto.\n5. Sistema comunica ao usuário que a inclusão do cenário foi realizada com sucesso.','3.1. Se cenário já existe - título  então o sistema deve exibir uma mensagem de erro, identificando o que o ocasionou.',_binary '\0','Permitir que o usuário inclua um cenário em um projeto.','2014-05-27 12:27:21','','ADD SCENARIO',1,142),(135,'usuário, sistema.','Projeto cadastrado no sistema. ','1. Usuário seleciona a opção Novo símbolo do léxico.\n2. O sistema exibe um formulário com os seguintes campos: nome, noção, impacto, classificação e sinônimo.\n3. Usuário submete o formulário preenchido. Restrição: Os campos nome, noção e classificação não podem ser deixados em branco.\n4. Sistema cadastra o novo símbolo do léxico.\n5. Sistema comunica ao usuário que a inclusão foi realizada com sucesso.\n','3.1 Se léxico ou sinônimos já existe - nome então o sistema deve exibir uma mensagem de erro, identificando o que o ocasionou.',_binary '\0','Permitir que o usuário inclua um símbolo do léxico em um projeto.','2014-05-27 12:32:10','','ADD LEXICON SYMBOL',1,142),(136,'usuário, sistema.','O usuário dever estar autenticado como administrador do projeto.','1. Usuário seleciona a opção Adicionar colaborador ao projeto.\n2. Sistema exibe uma tela com login de todos usuários cadastrados no sistema e com os níveis de acesso possíveis.\n3. Usuário seleciona um usuário da lista de usuários e o inclui na lista de colaboradores do projeto. Restrição: O usuário deve selecionar um nível de acesso para o usuário escolhido.\n4. Sistema inclui usuário como colaborador e permite que ele acesse o projeto.\n5. Sistema emite um aviso informando o sucesso da operação.','',_binary '\0','Permitir a inclusão de colaboradores para ajudar na construção e evolução do projeto. A inclusão é feita através de uma lista contendo os usuários cadastrados no sistema. Os colaboradores podem possuir os seguintes níveis de acesso: gerente, usuário participativo e usuário passivo. O gerente possui todos os privilégios do administrador do projeto, exceto adicionar outros usuários colaboradores como nível de acesso de gerente. Os usuários participativos podem sugerir alterações, que podem ser aceitas ou não pelo gerente ou administrador. O usuário passivo só pode visualizar os itens do projeto.','2014-05-27 13:34:52','','ADD COLLABORATOR',1,142),(148,'Customer, Broker System','PRE-CONDITION: The Broker System is online AND the Broker System welcome page is being displayed','  1. The Customer loads the login page\r\n  2. The Broker System asks for the Customer\'s login information\r\n  3. The Customer enters her login information\r\n  4. The Broker System checks the provided login information\r\n  5. The Broker System displays an order page\r\n  6. The Customer creates a new Order\r\n  7. REPEAT the Customer adds an item to the Order WHILE the Customer has more items to add to the order \r\n  8. The Customer submits the Order\r\n  9. The Broker System broadcast the Order to the Suppliers\r\n  10. # LOCAL SUPPLIER BID FOR ORDER\r\n  11. INTERNATIONAL SUPPLIER BID FOR ORDER #\r\n  12. PROCESS BIDS','1a IF Customer is not registered THEN REGISTER CUSTOMER\r\n2a. after 60 seconds\r\n  2a1. The Broker System displays a login timeout page\r\n4a. The Customer login information is not accurate\r\n  4a1. GOTO Step 2.\r\n8a. The Order is empty\r\n  8a1. The Broker System displays an error page\r\n',_binary '\0','Allow customers to find the best supplier for a given order.','2015-06-10 05:56:40','','Submit Order ',1,146),(149,'Local Supplier, Broker System','Create a Bid for an Order\r\n    PRE-CONDITION: An Order has been broadcasted\r\n    POST-CONDITION: Local Supplier has submitted a bid','1. Local Supplier receives the Order and examines it\r\n2. Local Supplier determines the applicable taxes to the order and creates a bid\r\n3. Local Supplier submits a Bid for the Order\r\n4. The Broker System sends the Bid to the Customer','2.a. Local Supplier can not satisfy the Order\r\n2.a.1. Local Supplier passes on the Order',_binary '\0','Submit a bid','2015-06-12 08:43:00','','Local Supplier bid for order',1,146),(150,'International Supplier, Broker System','Create a Bid for an Order \r\n    PRE-CONDITION: An Order has been broadcasted\r\n    POST-CONDITION: International Supplier has submitted a bid\r\n','  1. International Supplier receives the Order and examines it\r\n  2. International Supplier submits a Bid for the Order\r\n  3. The Broker System sends the Bid to the Customer\r\n\r\n','1.a. The Order includes items restricted for exportation\r\n1.a.1. International Supplier passes on the Order\r\n1.b. The International Supplier cannot satisfy the order\r\n1.b.1. International Supplier passes on the Order',_binary '\0','Submit a bid','2015-06-12 08:44:44','','International Supplier bid for order',1,146),(151,'SupplierC, Broker System','Create a Bid for an Order \n    PRE-CONDITION: An Order has been broadcasted\n    POST-CONDITION: SupplierC has bidded',' 1. SupplierC receives the Order and examines it\n 2. SupplierC submits a Bid for the Order\n 3. The Broker System sends the Bid to the Customer\n\n','1.1 IF SupplierC can not satisfy the Order THEN SupplierC passes on the Order',_binary '','SupplierC has bidded','2015-06-12 13:46:05','','SupplierC bid for order',1,146),(152,'Customer, Broker System','Process a Bid for an Order \r\n    PRE-CONDITION: Local Supplier has submitted a bid OR International Supplier has submitted a bid','  1. Customer examines the bid\r\n  2. Customer signals the system to proceed with bid\r\n  3. HANDLE PAYMENT\r\n  4. System put an order with the selected bidder','',_binary '\0','Process a bid','2015-06-11 18:02:01','','Process Bids',1,146),(153,'SupplierD, Broker System','Create a Bid for an Order \n    PRE-CONDITION: An Order has been broadcasted\n    POST-CONDITION: SupplierD has bidded','  1. SupplierD receives the Order and examines it\n  2. SupplierD submits a Bid for the Order\n  3. The Broker System sends the Bid to the Customer','  1.1 IF SupplierD can not satisfy the Order THEN SupplierD passes on the Order',_binary '','SupplierD has bidded','2015-07-23 09:15:31','','SupplierD bid for order',1,146),(156,'SupplierD, Broker System','Create a Bid for an Order\nPRE-CONDITION: An Order has been broadcasted\nPOST-CONDITION: SupplierD has bidded','1. SupplierD receives the Order and examines it\n2. SupplierD submits a Bid for the Order\n3. The Broker System sends the Bid to the Customer\n','1.1 IF SupplierD can not satisfy the Order THEN SupplierD passes on the Order',_binary '','SupplierD has bidded','2015-12-22 08:37:15','','SupplierD bid for order',1,146),(157,'Customer, Broker System, Payment System','Handle payment for a Bid \r\n','  1. The Broker System asks the Customer for Credit Card information\r\n  2. The Customer provides her Credit Card information\r\n 3. The Broker System asks a Payment System to process the Customer\'s Payment\r\n  4. The Broker System displays an acknowledgement message to the Customer','3.a. The Customer Payment is denied\r\n3.a.1. The Broker System displays a payment denied page',_binary '\0','Handle Payment','2015-12-22 03:39:25','','Handle Payment',1,146),(158,'Supervisory System, AGV System','PRE-CONDITION:','1 The Supervisory System sends a message to the AGV system requesting it to move to a factory station and load a part .\n2 The AGV System commands the motor to start moving .\n3 The motor notifies the AGV System that the vehicle has started moving .\n4 The AGV System sends a Departed message to the Supervisory System .\n5 The arrival sensor notifies the AGV System that it has arrived at factory station .\n6 The AGV System determines that this station is the destination station and commands the motor to stop moving .\n7 The motor notifies the AGV System that the vehicle has stopped moving .\n8 The AGV System commands the robot arm to load the part .\n9 The arm notifies the AGV System that the part has been loaded .\n10 The AGV System sends an Arrived message to the Supervisory System .','6.1 If the vehicle arrives at a different station from the destination station Then the vehicle passes the station without stopping and sends a  Passed factory station without stopping message to the Supervisory System . \n8.1 If the Supervisory System requests the AGV to move to a factory station and unload a part Then the AGV will unload the part after it arrives at the destination station.\n9.1 If the Supervisory System requests the AGV to move to a factory station and unload a part Then the AGV will unload the part after it arrives at the destination station .\n\n',_binary '\0','Move the AVG System to a factory station','2015-12-22 09:58:09','','Move to Station',1,147),(159,'AGV System','PRE-CONDITION:','1 Clock notifies AGV System that the timer has expired .\n2 AGV System reads the status information about AGV location and idle or busy status .\n3 AGV System sends the AGV status information to the Display System .\n','',_binary '\0','Send Vehicle status','2015-12-22 10:00:29','','Send Vehicle Status',1,147),(160,'Monitoring Operator','The monitoring operator requests to view the current status of one or more locations.\nPrecondition: The monitoring operator is logged in.\nPostcondition: Monitoring status has been displayed.\n','1. The monitoring operator requests to view the status of a monitoring location.\n2. The system displays the monitoring status as follows : Sensor status for each sensor (value, upper limit, lower limit, alarm status).\n','2.1: If Emergency situation Then System displays emergency warning message to operator.\n',_binary '\0','View Monitoring Data','2015-12-22 10:21:46','','View Monitoring Data',1,148),(161,'Monitoring Operator','The monitoring operator views outstanding alarms and acknowledges that the cause of an alarm is being addressed.\nPrecondition: The monitoring operator is logged in.\nPostcondition: Outstanding alarms have been displayed.','1. The monitoring operator requests to view the outstanding alarms.\n2. The system displays the outstanding alarms. For each alarm, the system displays the name of the alarm, alarm description, location of alarm, and severity of alarm (high, medium, low).','2.1: IF Emergency situation THEN System displays emergency warning message to operator.\n',_binary '\0','View Alarms\n','2015-12-22 10:25:04','','View Alarms',1,148),(162,'Remote Sensor, Monitoring Operator\n','Monitoring data is generated on an ongoing basis. Operators are notified of new monitoring status to which they have subscribed\nPrecondition: The remote system is operational.\nPostcondition: Monitoring status has been updated.','1. The Remote Sensor sends new monitoring data to the system.\n2. The system updates the monitoring status as follows: Sensor status for each sensor (value, upper limit, lower limit, alarm status).\n3. The system sends new monitoring status to monitoring operators who have subscribed to receive status updates.\n','2.1: IF Emergency situation THEN System displays emergency warning message to operator.\n',_binary '\0','Generate Monitoring Data','2015-12-22 11:45:00','','Generate Monitoring Data',1,148),(163,'Remote Sensor, Monitoring Operator','If an alarm condition is detected, an alarm is generated. Operators are notified of new alarms to which they have subscribed.\nPrecondition: The external sensor is operational.\nPostcondition: Alarm data have been updated.\n','1. The Remote Sensor sends an alarm to the system.\n2. The system updates the alarm data. The system stores the name of the alarm, alarm description, location of alarm, and severity of alarm (high, medium, low).\n3. The system sends the new alarm data to monitoring operators who have subscribed to receive alarm updates.\n','2.1: IF Emergency situation THEN System displays emergency warning message to operator.\n3.1: IF If the alarm is severe THEN display flashing warning.\n',_binary '\0','Generate Alarm','2015-12-22 11:47:46','','Generate Alarm',1,148),(164,'\nCustomer, System','GEOGRAPHICAL LOCATION: Online Shopping System','1 Customer requests to browse catalog .\n2 System displays catalog information to customer .\n3 Customer selects items from catalog .\n4 System displays an itemized list containing each item description and price , as well as the total price .','3.1: IF Customer does not select item THEN exits ',_binary '\0','Browse Catalog','2015-12-22 11:56:46','','Browse Catalog',1,149),(165,'Customer, System','GEOGRAPHICAL LOCATION: Online Shopping System','1 Customer provides order request and customer account Id to pay for purchase .\n2 System retrieves customer account information , including the customer\'s credit card details .\n3 System checks the customer\'s credit card for the purchase amount and , if approved , creates a credit card purchase authorization number .\n4 System creates a delivery order containing order details , customer Id , and credit card authorization number .\n5 System confirms approval of purchase and displays order information to customer .\n','2.1 If customer does not have an account THEN the system prompts the customer to provide information in order to create a new account . \n2.1.1 The customer can either enter the account information or cancel the order .\n3.1 If authorization of the customer\'s credit card is denied , e.g. , invalid credit card or insufficient funds in the customer\'s credit card account THEN the system prompts the customer to enter a different credit card number . \n3.1.1 The customer can either enter a different credit card number or cancel the order .\n',_binary '\0','Make Order Request','2015-12-22 12:01:38','','Make Order Request',1,149),(166,'Supplier, System','process delivery','1 Supplier requests next delivery order .\n2 System retrieves and displays delivery order .\n3 Supplier requests inventory check on items for delivery order .\n4 System determines that items are available in inventory to satisfy delivery order and reserves items .\n5 System displays inventory information to Supplier and confirms that items are reserved .','4.1: If item is out of stock THEN system displays warning message .\n',_binary '\0','process delivery','2015-12-22 12:11:11','','process delivery',1,149),(167,'Supplier, System','confirm shipment and bill custormer','1 Supplier prepares shipment manually and identifies that delivery order is ready to ship .\n2 System retrieves customer account information , including the invoice and customer\'s credit card details .\n3 System updates inventory to confirm purchase .\n4 System charges customer\'s credit card for purchase and creates a credit card charge confirmation number .\n5 System updates delivery order information with credit card charge confirmation .\n6 System sends email confirmation to customer .\n7 System displays confirmation to the supplier to complete shipment of the delivery order .','',_binary '\0','confirm shipment and bill custormer','2015-12-22 12:12:21','','confirm shipment and bill custormer',1,149),(168,'Ticker Monitor','Ticker Monitor Connects to GSYS\nPre-Conditions: The ticker monitor can monitor the change of tick information and the connection status with TickFeed.','1. Ticker monitor connects to GSYS.\n2. GSYS sends all Exch information and symbol information records in the database to ticker monitor.\n3. Ticker monitor displays the records.\n4. This ends the use case.','',_binary '\0','Ticker Monitor Connects to GSYS','2015-12-22 12:54:00','','Ticker Monitor Connects to GSYS',1,150),(169,'Ticker Monitor','Delete a Symbol Information from GSYS\nPre-Conditions: The ticker monitor has connected to GSYS.\nPost-Conditions: The symbol information is deleted.','1. Ticker monitor selects a symbol information.\n2. Ticker monitor sends a message to delete the symbol information.\n3. This ends the use case.','',_binary '\0','Delete a Symbol Information from GSYS','2015-12-22 12:55:57','','Delete a Symbol Information from GSYS',1,150),(170,'Ticker Monitor','Update a Symbol Information in GSYS\nPre-Conditions: The ticker monitor has connected to GSYS.\nPost-Conditions: GSYS update the symbol information in the database if it is valid.','1. Ticker monitor selects a symbol information.\n2. Ticker monitor update some fields of the symbol information.\n3. Ticker monitor sends the updated symbol information to GSYS\n4. This ends the use case.','',_binary '\0','Update a Symbol Information in GSYS','2015-12-22 12:57:54','','Update a Symbol Information in GSYS',1,150),(171,'Ticker Monitor','Undo Delete a Symbol Information from GSYS\nPre-Conditions: The ticker monitor has connected to GSYS AND GSYS has deleted one or more symbol information\nPost-Conditions: GSYS restore the symbol information.','1. Ticker monitor undos delete the symbol information.\n2. Ticker monitor sends the most recently deleted symbol information to GSYS.\n3. This ends the use case.','1.1 if ticker monitor has not deleted any symbol information THEN do nothing.',_binary '\0','Undo Delete a Symbol Information from GSYS','2015-12-22 13:01:09','','Undo Delete a Symbol Information from GSYS',1,150),(174,'User, ATM','User wants to use the ATM.\r\nPre-condition: ATM in ready state for new User\r\nPost-condition:  User access granted; PIN and card validated. ','1. User inserts card into ATM.\r\n2. ATM asks for a PIN.\r\n3. User types in the numbers of his PIN and presses the Enter button \r\n4. ATM asks for account type. \r\n5. Customer selects account. \r\n6. ATM displays User options.\r\n','4a. ATM rejects unidentifiable car',_binary '\0','User access the ATM.','2016-02-15 07:58:47','','ACCESS ATM',1,152),(175,'User, Bank, ATM','User wants to withdraw money.\r\nPre-condition: User has already logged onto the ATM.\r\nPost-condition: ATM ready for next User.','1. User selects Withdraw Cash.\r\n2. ATM prompts for amount.\r\n3. User enters amount.\r\n4. ATM verifies with the Bank that the User has enough money in account. \r\n4.1 If insufficient funds in her account, \r\n4.2 ATM returns card to User.\r\n4.3 User takes card. \r\n5. ATM releases cash.\r\n6. User takes cash.\r\n7. ATM releases card.\r\n8. User takes card.','7a. ATM eats card. ',_binary '\0','User wants to withdraw money.','2016-02-15 20:01:26','','WITHDRAW CASH',1,152),(176,'User, ATM','User wants to change their PIN.\r\nPre-condition: User already logged onto the ATM\r\nPost-conditions: New PIN read to card and Bank account','1. User selects Change PIN. \r\n2. ATM prompts her to enter new PIN. \r\n3. It enters new PIN. \r\n4. ATM prompts User to re-enter new PIN.\r\n5. User re-enters new PIN.\r\n6. ATM displays New PIN Successful message.\r\n7. ATM displays list of options.','4e ATM refuses new PIN.  \r\n4.1e User asked to re-enter new PIN',_binary '\0','User wants to change their PIN.','2016-02-15 20:08:46','','CHANGE PIN',1,152),(177,'User, Bank, ATM','The User wants to check their account balance before withdrawing money.\r\nPre-condition: User already logged onto the ATM\r\nPost-condition:  Balance no longer displayed; ATM ready for a transaction.','1. User selects balance of account.\r\n2. User selects On Screen option.\r\n3. ATM displays current balance on screen.\r\n4. Bank retrieves User`s current balance from their account.\r\n5. ATM prompts for new option.','2a. User selects On Paper option. \r\n2.1a ATM prints balance on receipt \r\n2.2a User takes receipt ',_binary '\0','The User wants to check their account balance before withdrawing money.','2016-02-15 08:11:58','','CHECK BALANCE',1,152),(178,'User, ATM','The User wants to deposit cash into the ATM\r\nPre-condition: The User has logged onto the ATM\r\nPost-condition: ATM ready for a new transaction.','1. User selects Deposit.\r\n2. Selects envelope\r\n3. ATM accepts deposit\r\n4. User takes deposit receipt. \r\n\r\n','3e. ATM rejects deposit envelope. \r\n3.1e ATM signals User of rejection. ',_binary '\0','The User wants to deposit cash into the ATM','2016-02-15 20:14:46','','MAKE DEPOSIT',1,152),(179,'User, System','User Log in to the system','1. User selects login option.\r\n2. User provides all required data.\r\n3. System verifies correctness of data.\r\n4. System displays a main page.\r\n','3.a. Data is incomplete or incorrect:\r\n3.a.1 System asks for data again.\r\n3.a.2 Back to step 2.\r\n',_binary '\0','Log in to the system','2016-02-18 06:19:49','','Log in to the system',1,153),(180,'User, System','user Add a new client','1. User select option for adding new clients .\r\n2. User fills all required personal client data forms.\r\n3. System verifies correctness of data.\r\n4. System adds a new client to the database and informs user about it.','3.a. Data is incomplete or incorrect:\r\n3.a.1 System informs user about problems.\r\n3.a.2 User makes a correction to the data.\r\n3.a.3 Back to step 3.\r\n3.b. Client with same personal data already exists:\r\n3.b.1 System informs user about that fact.\r\n3.b.2 Back to step 1.\r\n4.a. Client can\'t be added:\r\n4.a.1 System informs user about reason why client can\'t be added.',_binary '\0','Add a new client','2016-02-17 18:29:56','','Add a new client',1,153),(181,'user, System','Edit client data','1. User select option for editing clients.\r\n2. User modifies personal client data.\r\n3. System verifies correctness of data.\r\n4. System saves a new client data to the database and informs user about it.\r\n','3.a. Data is incomplete or incorrect:\r\n3.a.1 System informs user about problems.\r\n3.a.2 User makes a correction to the data.\r\n3.a.3 Back to step 3.\r\n3.b. Client with same personal data already exists:\r\n3.b.1 System informs user about that fact.\r\n3.b.2 Back to step 1.\r\n4.a. Client data changes can\'t be saved:\r\n4.a.1 System informs user about reason why client can\'t be modified.',_binary '\0','Edit client data','2016-02-18 06:35:31','','Edit client data',1,153),(182,'User , System','Delete client','1. User select option for deleting clients.\r\n2. User delete chosen client.\r\n3. System verifies possibility to perform deleting.\r\n4. System saves changes to the database and informs user about it.\r\n','3.a. Client can not be deleted:\r\n3.a.1 System informs user about the conditions.\r\n3.a.2 Use case ends.\r\n3.a.3 Back to step 3.\r\n',_binary '\0','Delete client','2016-02-18 06:37:44','','Delete client',1,153),(183,'user, System','Browse clients','1. User select option for browsing clients.\r\n2. System displays the list of clients.\r\n3. User may filter clients with specified criteria.\r\n4. User may sort clients.\r\n5. User may view details about selected client.\r\n6. Use case ends when user logs out or selects different option.\r\n\r\n','2.a. There are no clients to display:\r\n2.a.1 System displays blank list.\r\n2.a.2 Use case ends.\r\n',_binary '\0','Browse clients','2016-02-17 08:40:29','','Browse clients',1,153),(184,'User, System','Search','1. User select option for searching.\r\n2. User selects subject of search (clients, contracts, installations).\r\n3. System displays list of possible criteria.\r\n4. User creates filter for searching.\r\n5. System search the database and displays the results.\r\n','4.a. Chosen criteria are invalid:\r\n5.a.1 System warns user.\r\n5.a.2 Back to step 3.\r\n5.a. No records found:\r\n5.a.1 System displays blank list.\r\n5.a.2 Use case ends.\r\n',_binary '\0','Search','2016-02-18 06:47:02','','Search',1,153),(185,'User, System','Add a new contract','1. User select  a client for whom new contract will be added.\r\n2. User chooses option for adding new contract.\r\n3. System displays transaction form.\r\n4. User fills all required data.\r\n5. System verifies information.\r\n6. System saves contract and bounds it to the selected client.\r\n','5.a. Data is incomplete or incorrect:\r\n5.a.1 System informs user about problems.\r\n5.a.2 User makes a correction to the data.\r\n6.a. contract can\'t be saved:\r\n6.a.1 System informs user about that fact.',_binary '\0','Add a new contract','2016-02-18 06:51:25','','Add a new contract',1,153),(186,'User, System','Edit contract','1. User select a client.\r\n2. User chooses option for editing an existing contract.\r\n3. System displays transaction form.\r\n4. User changes desired data.\r\n5. System verifies information.\r\n6. System saves changed contract.','5.a. Data is incomplete or incorrect:\r\n5.a.1 System informs user about problems.\r\n5.a.2 User makes a correction to the data.\r\n6.a. contract can\'t be saved:\r\n6.a.1 System informs user about that fact.',_binary '\0','Edit contract','2016-02-18 06:57:42','','Edit contract',1,153),(187,'User, System','Delete contract','1. User select option for deleting contract.\r\n2. User delete chosen contract.\r\n3. System verifies possibility to perform deleting.\r\n4. System saves changes to the database and informs user about it.\r\n','3.a. Contract can not be deleted:\r\n3.a.1 System informs user about problems.\r\n3.a.2 User check possibility to perform deleting.\r\n3.a.3 Back to step 3.\r\n',_binary '\0','Delete contract','2016-02-18 07:02:33','','Delete contract',1,153),(188,'User, System','Add a new installation','1. User select a client for whom new installation will be added.\r\n2. User chooses option for adding new installation.\r\n3. System displays installation form.\r\n4. User fills required data.\r\n5. System verifies information.\r\n6. System saves installation and bounds it to the selected client.\r\n\r\n','5.a. Data is incomplete or incorrect:\r\n5.a.1 System informs user about problems.\r\n5.a.2 User makes a correction to the data.\r\n6.a. Installation can\'t be saved:\r\n6.a.1 System informs user about that fact.',_binary '\0','Add a new installation','2016-02-18 07:05:50','','Add a new installation',1,153),(189,'User, System','Edit installation','1. User select a client.\r\n2. User chooses option for editing an existing installation.\r\n3. System displays installation form.\r\n4. User changes desired data.\r\n5. System verifies information.\r\n6. System saves changed installation.','5.a. Data is incomplete or incorrect:\r\n5.a.1 System informs user about problems.\r\n5.a.2 User makes a correction to the data.\r\n6.a. Installation can\'t be saved:\r\n6.a.1 System informs user about that fact.',_binary '\0','\r\nEdit installation','2016-02-18 07:08:20','','Edit installation',1,153),(190,'User, System','Delete installation','1. User select option for deleting installation.\r\n2. User delete chosen installation.\r\n3. System verifies possibility to perform deleting.\r\n4. System saves changes to the database and informs user about it.\r\n','3.a. Installation can not be deleted:\r\n3.a.1 System informs user about problems.\r\n3.a.2 User check possibility to perform deleting.\r\n3.a.3 Back to step 3.\r\n',_binary '\0','Delete installation','2016-02-18 07:11:11','','Delete installation',1,153),(191,'User, System','Prepare a report','1. User select option for creating reports.\r\n2. System displays a list of possible fields in the report.\r\n3. User selects fields to be included in the report and rules to filter values from database.\r\n4. User order report generation.\r\n5. System asks for type and localisation of the output file with report.\r\n6. User selects the type and localisation of the output file with report.\r\n7. System generates a report.\r\n\r\n','7.a. Report can\'t be saved in given location:\r\n7.a.1 System displays information.\r\n7.a.2 Back to step 5.\r\n',_binary '\0','Prepare a report','2016-02-18 07:13:54','','Prepare a report',1,153),(192,'User, System','Browse information','1. User select option for browsing data.\r\n2. System displays the list of licences, keys, contracts and installations (grouping by type).\r\n3. User may filter data with specified criteria.\r\n4. User may sort data.\r\n5. User may view details about selected element.\r\n6. Use case ends when users logs out or select different option.\r\n\r\n','2.a. There are no data to display:\r\n2.a.1 System displays blank list.\r\n2.a.2 Use case ends.',_binary '\0','Browse information','2016-02-18 01:17:15','','Browse information',1,153),(193,'User, System, PCSS Team Participant','Request for licence','1. User select option for requesting a new licence.\r\n2. System displays the list of user`s contracts.\r\n3. User selects one contract for licence request.\r\n4. System contact with dLibra server to obtain all necessary data.\r\n5. System validate given data.\r\n6. System store a request new licence and informs user about it.\r\n7. PCSS Team Participant approve request for a new licence.\r\n8. User downloads the licence file.\r\n','2.a. There are no contracts:\r\n2.a.1 System displays blank list.\r\n2.a.2 Use case ends.\r\n3.a. Selected contract can not have more licenses:\r\n3.a.1 System informs user about that fact.\r\n3.a.2 Back to step 2.\r\n5.a. Data is not valid:\r\n5.a.1 System informs user about incorrect data.\r\n5.a.2 Back to step 2.\r\n',_binary '\0','Request for licence','2016-02-18 01:22:49','','Request for licence',1,153),(194,'User, System','In order to use system one has to authenticate .\r\nPreconditions: User is not logged in.','1. 	User opens main page .\r\n2. 	System presents main page with a login form .\r\n3. 	User fills the login form with the authentication data .\r\n4. 	System verifies the given data .\r\n5. 	System welcomes Candidate .\r\n\r\n','4.A No account with the certain login in the system.\r\n4.A.1.	System informs User that there is no account with the given user name in the system .\r\n4.A.2.	System suggests User to register in the system as a Candidate [ MOD1_UC1 ] or contact Administrator to create new account .\r\n4.A.3.	Go back to step 3 .\r\n4.B Not all obligatory data was given.\r\n4.B.1.	System points which data is missing .\r\n4.B.2.	Go back to step 3 .\r\n\r\n',_binary '\0','Login to the system','2016-02-19 20:13:47','','Login to the system',1,154),(195,'Candidate, System','Candidate has to register in the system in order to apply for studies .\r\nModule: MOD1_UC1\r\nPreconditions:  Candidate is not logged in','1. 	Candidate opens system main page .\r\n2. 	Candidate chooses registration option .\r\n3. 	System presents a registration data form and asks to enter the registration data .\r\n4. 	Candidate fills the registration data form and submits the registration data form .\r\n5. 	System verifies if data is correct .\r\n6. 	System informs that account has been created .\r\n','5.A Some obligatory fields were not filled.\r\n5.A.1.	Systems highlights missing fields .\r\n5.A.2.	Back to step 4 .\r\n5.B Account with the given user name already exist.\r\n5.B.1.	System informs that the user name is in use .\r\n5.B.2.	Back to step 4 .\r\n5.C Given passwords don\'t match.\r\n5.C.1.	System informs Candidate that passwords do not match .\r\n5.C.2.	Back to step 4 .\r\n\r\n',_binary '\0','Register in the system','2016-02-19 20:24:12','','Register in the system',1,154),(196,'Candidate, System','Candidate has to provide personal information as well as some facts concerning his/her previous education .\r\nMODULE: MOD1_UC2: \r\nPreconditions:Candidate is logged in to the system.\r\nTriggers: Either Candidate has logged to the system for the first time or has chosen to enter his/her application data.','\r\n1. 	Candidate provides personal information .\r\n2. 	Candidate chooses to provide information concerning former education .\r\n3. 	System presents the education data form .\r\n4. 	Candidate fills the education data form and confirms .\r\n5. 	System stores the data .\r\n6. 	System displays a confirmation message .\r\n','1.A Some obligatory data were not provided.\r\n1.A.4.A.1.	System informs that required some data were not provided and hightlights missing fields .\r\n1.A.4.A.2.	Back to step 2 or 6 (depending on the step which was a trigger)\r\n1.B Some data provided in wrong format.\r\n1.B.4.B.1.	System informs that some data wer not provided correctly and highligthts fields that were consider as wrongly formatted .\r\n1.B.4.B.2.	Back to step 2 or 6 (depending on the step which was a trigger)',_binary '\0','Provide personal and education information','2016-02-19 20:32:35','','Provide personal and education information',1,154),(197,'Candidate, System','Candidate would like to choose one or more majors he/she would like to apply for .\r\nMODULE: MOD1_UC3\r\nPreconditions: candidate is logged in to the system AND candidate provided personal and education information','1. 	Candidate chooses the adding-new-major option .\r\n2. 	System presents a list of majors for which admission is available .\r\n3. 	Candidate chooses a major .\r\n4. 	System presents a list of majors chosen by Candidate .\r\n','3.A Candidate would like to apply for more majors.\r\n3.A.1.	Candidate chooses many majors .\r\n3.A.2.	Back to step 4 .\r\n',_binary '\0','Choose a major','2016-02-19 20:36:37','','Choose a major',1,154),(199,'Candidate, System','System should provide information about current status of the Candidate \'s application . For example Candidate can check whether his/her application is being processed or was accepted by Selection committee .\nMODULE: MOD1_UC5\nPreconditions: Candidate is logged in to the system and Candidate has chosen at least one major','1. 	Candidate chooses an option of presenting current status of his applications .\n2. 	System presents a chosen-major list with information concerning current status of each application .','',_binary '\0','Check application status','2016-02-20 02:48:39','','Check application status',1,154),(200,'Candidate, System','System has to provide option to print auto-filed application form . This form has to be provided to the selection committee.\r\nMOD1_UC6\r\nPreconditions: Candidate is logged in to the system and Candidate has chosen at least one major','1. 	Candidate proceeds to the chosen-majors-view .\r\n2. 	System presents list containing chosen majors .\r\n3. 	Candidate selects major and chooses a print-application option .\r\n4. 	System prints application filled with Candidate\'s data . ','',_binary '\0','Print application','2016-02-19 20:51:27','','Print application',1,154),(201,'Candidate, System','\nCandidate constructs ranking containing chosen majors . If Candidate is qualified to more then one major he/she will be assigned to the one with the highest priority .\nMODULE: MOD1_UC7\nPreconditions: Candidate is logged in to the system','1. 	Candidate proceeds to the chosen-majors-view .\n2. 	System presents a list containing chosen majors .\n3. 	Candidate assigns priority value to each major .\n4. 	System stores priorities and presents updated majors-list .','',_binary '\0','Define majors priorities','2016-02-20 02:53:44','','Define majors priorities',1,154),(202,'Candidate, System, Selecting committee','Candidate can apply for payment cancellation if he/she chosen to apply for a major by mistake .\r\nMODULE: MOD1_UC8\r\nPreconditions: Candidate is logged in to the system.','1. 	Candidate chooses one of the selected and payed majors .\r\n2. 	Candidate chooses the apply for cancellation option .\r\n3. 	System presents the application form .\r\n4. 	Candidate provides justification for the payment cancellation .\r\n5. 	System stores the application .\r\n6. 	Selecting committee analyses application as an issue . [ MOD2 . UC14 ]\r\n7. 	Selecting committee confirms payment cancellation .\r\n8. 	System sends information to the Candidate that the cancellation has been accepted and how money can be refunded .','7.A Selecting committee cancel the application.\r\n7.A.1.	System sends information to the Candidate that the cancellation has been rejected .\r\n7.A.2.	Use case finishes .\r\n4.A Some obligatory data was not provided.\r\n4.A.1.	System informs that some of the fields were not filled .\r\n4.A.2.	System highlights missing fields .\r\n4.A.3.	Back to step 4 .\r\n',_binary '\0','Apply for payment cancellation','2016-02-19 20:58:37','','Apply for payment cancellation',1,154),(203,'Candidate, System','Candidate can ask a question concerning admission process .\nMODULE: MOD1_UC9','1. 	Candidate chooses to ask a new question .\n2. 	System presents the question form .\n3. 	Candidate provides a question .\n4. 	System stores the question .\n5. 	Administrator answers the question .\n6. 	System sends the answer to the Candidate .','',_binary '\0','Ask a question concerning admission','2016-02-20 03:01:57','','Ask a question concerning admission',1,154),(204,'Candidate, System','Each candidate can provide opinion and ask questions at the admission forum .\nMODULE: MOD1_UC10\nPreconditions: Candidate is logged in to the system.','1. 	Candidate chooses to view a forum .\n2. 	Candidate chooses a thread he/she would like to add a post .\n3. 	Candidate enters text of the post .\n4. 	Candidate chooses the save option .\n5. 	System stores the post .','',_binary '\0','Add a post to the admission forum','2016-02-20 03:04:13','','Add a post to the admission forum',1,154),(205,'Candidate, System','Candidate can browse through the forum and read posts .\nMODULE: MOD1_UC11\nPreconditions: Candidate is logged in to the system.','1. 	Candidate browses admission forum threads .\n2. 	Candidate selects a post chooses the view option .\n3. 	System displays the content of the post .','',_binary '\0','View a post at admission forum.','2016-02-20 03:06:31','','View a post at admission forum.',1,154),(206,'Candidate, System','Candidate can activate reminder which will send back message whenever status of Candidate`s application is changed .\nMODULE: MOD1_UC12\nPreconditions: Candidate is logged in to the system.','1. 	Candidate chooses the admission .\n2. 	Candidate chooses to activate reminder .\n3. 	System activates the reminder . ','',_binary '\0','Activate admission reminder','2016-02-20 03:08:41','','Activate admission reminder',1,154),(207,'Administrator, System','Administrator has to create a new admission in the system and configure it before whole process can start .\r\nMODULE: MOD2_UC1: \r\nPreconditions: Administrator is logged in to the system','1. 	Administrator chooses the creating-new-admission option .\r\n2. 	System presents the new-admission form .\r\n3. 	Administrator provides basic information concerning the admission .\r\n4. 	Administrator chooses starting and ending dates of the admission .\r\n5. 	System stores the admission .\r\n6. 	System informs that admission has been stored .\r\n','3.A Some obligatory data was not provided.\r\n3.A.1.	System informs that some required data is missing .\r\n3.A.2.	Go back to step 3 .\r\n4.A Given dates are not valid.\r\n4.A.1.	System informs that starting or ending dates are not valid .\r\n4.A.2.	Go back to step 4 .\r\n',_binary '\0','Create a new admission','2016-02-19 21:44:28','','Create a new admission',1,154),(208,'Administrator, System','Administrator has to fill the admission with majors .\nMODULE: MOD2_UC2\nPreconditions: Administrator is logged in to the system','1. 	Administrator chooses the admissions-management option .\n2. 	System presents a list of current and previous admissions .\n3. 	Administrator chooses an admission .\n4. 	Administrator chooses adding a major option .\n5. 	Administrator selects a major .\n6. 	System stores the major in the admission and presents confirmation message .','',_binary '\0','Add a major to admission','2016-02-20 03:46:58','','Add a major to admission',1,154),(209,'Administrator, System','Administrator has to provide linkage between subjects , languages and majors .\r\nMODULE: MOD2_UC3\r\nPreconditions:  Administrator is logged in to the system','1. 	Administrator chooses the major-management options .\r\n2. 	System presents the major-management panel .\r\n3. 	Administrator provides basic data about the major .\r\n4. 	Administrator links major with the subjects that will be considered during the ranking procedure .\r\n5. 	Administrator links languages available on the major being defined .\r\n6. 	System stores a major and displays confirmation .\r\n','4.A Administrator would like to add a linkage to the subject which is not available in the system.\r\n4.A.1.	Administrator chooses to add a new subject [ MOD2_UC4 ] .\r\n4.A.2.	Back to step 4 .\r\n5.A Administrator would like to add to add a linkage to the language which is not available in the system.\r\n5.A.1.	Administrator chooses to add a new language [ MOD2_UC5 ] .\r\n5.A.2.	Back to step 5 .',_binary '\0','Define a new major','2016-02-19 21:50:34','','Define a new major',1,154),(210,'Administrator, System','Administrator can add a new subject which might be further added to a major as the one which is considered to be used when constructing candidates-ranking .\r\nMODULE: MOD2_UC4\r\nPreconditions: Administrator is logged in to the system.','1. 	Administrator chooses the adding new-subject option .\r\n2. 	System asks for basic information concerning the subject .\r\n3. 	Administrator provides the information concerning the subject and confirms creation of the subject .\r\n4. 	System verifies given data and stores the subject .\r\n5. 	System informs Administrator that the subject has been stored .','4.A Not all obligatory data was given.\r\n4.A.1.	System informs that some data is missing .\r\n4.A.2.	Go back to step 3 .\r\n',_binary '\0','Add a new subject','2016-02-19 21:53:10','','Add a new subject',1,154),(211,'Administrator, System','Additional Actors : Students management system When the admission is finished , data of qualified candidates should be transferred to the Students management system .\r\nMODULE: MOD2_UC6\r\nPreconditions: Administrator is logged in to the system\r\nTrigger: Admission end date has passed and Selection committee has qualified Candidates.','1. 	Administrator chooses all qualified Candidates who provided paper version of their application form .\r\n2. 	Administrator chooses the transfer option .\r\n3. 	System transfers Candidates data to the Students management system .\r\n3.1. 	System authorizes in the Students management system .\r\n3.2. 	System sends Candidates data .\r\n3.3. 	Students management system verifies the data .\r\n3.4. 	Students management system sends an acknowledge message to the System .\r\n4. 	System displays information about a successful transfer .','3.A System is unable to transfer some of accounts.\r\n3.A.1.	System informs that some accounts have not been transfered .\r\n3.A.2.	Administrator can select detailed information about the error .\r\n3.A.2.1.	System presents details concerning errors during transfer process .\r\n3.A.3.	Use case finishes .',_binary '\0','Transfer Candidates\' data','2016-02-19 21:57:54','','Transfer Candidates\' data',1,154),(212,'Administrator, System','If account is remains empty and unused for some time Administrator may decide to remove it .\r\nMODULE: MOD2_UC7\r\nPreconditions: Administrator is logged in to the system\r\n','1. 	Administrator chooses to monitor empty and unused accounts .\r\n2. 	Administrator chooses accounts and the delete option .\r\n3. 	System removes accounts and informs Administrator about that fact .','2.A Some of personal or previous-education data was provided by the owner of account.\r\n2.A.1.	System informs Administrator that one of the chosen account is not empty .\r\n2.A.2.	System asks Administrator to confirm removal .\r\n2.A.3.	if Administrator confirms account removal go to step 5 , else use case finishes .',_binary '\0','Remove unused accounts','2016-02-19 22:01:21','','Remove unused accounts',1,154),(213,'Administrator, System','Administrator can add a new language that could be further link with a major . Such language might be chosen by Candidates as a language they would like to continue learning during their studies .\r\nMODULE: MOD2_UC5\r\nPreconditions: Administrator is logged in to the system.','1. 	Administrator chooses the adding a new-language option .\r\n2. 	System asks for basic information concerning the language .\r\n3. 	Administrator provides the information regarding the language .\r\n4. 	System verifies the given data .\r\n5. 	System informs Administrator that the language has been stored .\r\n','4.A Not all obligatory data was given.\r\n4.A.1.	System informs that some data is missing .\r\n4.A.2.	Go back to step 3 .\r\n',_binary '\0','Add a new language','2016-02-19 22:04:03','','Add a new language',1,154),(214,'Administrator, System','Administrator can add users .\r\nMODULE: MOD2_UC8: \r\nPreconditions: Administrator is logged in to the system.','1. 	Administrator chooses an option to add user .\r\n2. 	System presents the new-user form .\r\n3. 	Administrator fills the form .\r\n4. 	Administrator grants roles to the user in the system .\r\n5. 	System stores the user data .\r\n6. 	System grants the user roles .\r\n7. 	System displays confirmation-message .\r\n','3.A Not all obligatory data was given.\r\n3.A.1.	System informs that some data is missing .\r\n3.A.2.	System hightlights missing fields .\r\n3.A.3.	Go back to step 3 .',_binary '\0','Add a new user','2016-02-19 22:06:52','','Add a new user',1,154),(215,'Administrator, System','Administrator can remove certain things from the system .\r\nMODULE: MOD2_UC9\r\nPreconditions: Administrator is logged in to the system\r\nVariants: might be: admission, major, subject, language, user account.','1. 	selects Administrator and chooses delete option .\r\n2. 	System asks for the confirmation .\r\n3. 	Administrator confirms removing the .\r\n','2.A Administrator does not confirm\r\n2.A.1.	Go back to step 1 .',_binary '\0','Remove <element>','2016-02-19 22:10:25','','Remove <element>',1,154),(216,'Administrator, System','Each major has to have an admission algorithm defined . It is used to construct ranking lists of Candidates for each major .\r\nMOD2_UC10\r\nPreconditions: Administrator is logged in to the system','1. 	Administrator selects a major .\r\n2. 	Administrator selects the define-algorithm option .\r\n3. 	Administrator defines an algorithm using the algorithm editor .\r\n4. 	System stores the algorithm .\r\n5. 	System displays a confirmation message .','3.A Algorithm which is being implemented requires accessing some fields from the Candidates\' personal or education data.\r\n3.A.1.	Administrator chooses an add-variable option .\r\n3.A.2.	System presents a list containing all available variables .\r\n3.A.3.	Administrator chooses a variable and confirms .\r\n3.A.4.	System inserts the variable identifier to the editor .\r\n3.A.5.	Go to step 3 .\r\n5.A Administrator would like to test an algorithm.\r\n5.A.1.	Administrator chooses an option to test the algorithm [ MOD2_UC11 ] .\r\n3.B There are syntax errors in the algorithm.\r\n3.B.1.	System highligths the line which contains an error .\r\n',_binary '\0','Define an admission algorithm','2016-02-19 22:15:16','','Define an admission algorithm',1,154),(217,'System, Administrator','\r\nAdministrator may test an admission algorithm to check whether it works as it was intended to .\r\nMODULE: MOD2_UC11\r\nPreconditions: Administrator is logged in to the system\r\nTrigger: Administrator has chosen an algorithm to test','1. 	System presents a table containing exemplary instances of Candidate data .\r\n2. 	Administrator chooses instances of Candidate data to be included in the test .\r\n3. 	Administrator adds breakpoints to the algorithm code .\r\n4. 	Administrator launches the algorithm .\r\n5. 	System performs computation according to the algorithm and stops each time a breakpoint is spotted .','2.A Administrator would like to add new a Candidate for a testing purpose.\r\n2.A.1.	Administrator chooses to add a new Candidate to examplary data .\r\n2.A.2.	System presents form containing information concerning Candidate .\r\n2.A.3.	Administrator provides data and confirms .\r\n2.A.4.	Go to step 2 .\r\n5.A Administrator would like to stop processing.\r\n5.A.1.	Administrator chooses a stop option .\r\n5.A.2.	System stops computiation and highlights line being processed .\r\n5.A.3.	Administrator examines internal state of variables .\r\n5.A.4.	Go to step 5 .\r\n',_binary '\0','Test an admission algorithm','2016-02-19 22:19:33','','Test an admission algorithm',1,154),(218,'Administrator, System','Information about payments which are done via money transfer procedure ( outside the system ) have to be imported from the Bank system .\r\nMODULE: MOD2_UC12:\r\nPreconditions: Administrator is logged in to the system.','1. 	Administrator chooses an option to import payments from the bank system .\r\n2. 	System imports payment entries from the bank .\r\n3. 	System displays a list containing information about all imported admission fees .\r\n','2.A Error occured during import.\r\n2.A.1.	System displays error message with te detailed information concerning the source of the failure .\r\n2.A.2.	Use case finishes .\r\n\r\n',_binary '\0','Import admissions fees','2016-02-19 22:25:18','','Import admissions fees',1,154),(219,'Administrator, System','Administrator should be able to modify Candidate`s data .\r\nMODULE: MOD2_UC13\r\nPreconditions: Administrator is logged in to the system.','1. 	Administrator enters search criteria to find a Candidate .\r\n2. 	Administrator selects the Candidate and chooses the edit option .\r\n3. 	Administrator modifies the Candidate data .\r\n4. 	System informs that data has been stored .','1.A Administrator would like to find Candidate by browsing the Candidates\' list.\r\n1.A.1.	Administrator chooses the browse Candidates \' list option .\r\n1.A.2.	System presents the Candidates\' list containing all registered Candidates.\r\n1.A.3.	Administrator browses through the list and selects Candidate .\r\n1.A.4.	Go back to step 3 .\r\n3.A Some obligatory data were not provided.\r\n3.A.1.	System informs that some data were not provided in right format .\r\n3.A.2.	System highlights fields with errors .\r\n3.A.3.	Go back to step 3 .\r\n',_binary '\0','Modify Candidates\' data','2016-02-19 22:29:40','','Modify Candidates\' data',1,154),(220,'Selecting committee, System','Selecting committee is responsible for solving issue like payment cancellation .\r\nMODULE: MOD2_UC14: \r\nPreconditions: Member of Selecting committee is logged in to the system.','1. 	System presents a list of current issues .\r\n2. 	Selecting committee selects the issue .\r\n3. 	marks Selecting committee the issue as considered positively .\r\n','3.A Selecting committee does not approve issue.\r\n3.A.1.	Selecting committee marks the issue as considered negatively .\r\n3.A.2.	Use case finishes .\r\n',_binary '\0','Solve issues','2016-02-19 22:32:03','','Solve issues',1,154),(221,'Administrator, System','Administrator can remove posts from the forum .\r\nMODULE: MOD2_UC15\r\nPreconditions: Administrator is logged in to the system.\r\n','1. 	Administrator selects a post and chooses the remove option .\r\n2. 	Administrator confirms removing the post .\r\n3. 	System removes post from the forum .\r\n\r\n','2.A Administrator cancel confirmation.\r\n2.A.1.	System informs that the post has not been removed .\r\n2.A.2.	Use case finishes .\r\n\r\n',_binary '\0','Remove post from the admission forum','2016-02-19 22:34:10','','Remove post from the admission forum',1,154),(222,'Selecting committee , System','Selection committee prepares candidates \' ranking based on their previous education achievements . This is also supported by estimation of most probable number of Candidates who will choose a given major as a first one .\nMODULE: MOD3_UC1\nPreconditions: Selection committee member is logged in to the system','1. 	Selecting committee chooses the qualification option .\n2. 	Selecting committee chooses a major .\n3. 	Selecting committee chooses a ranking option .\n4. 	System computes ranking and presents a list of Candidates sorted by the number of points in descending order , as well as suggested limits for the qualified and reserve lists .\n5. 	Selecting committee enters qualified and reserve lists limits .\n6. 	System changes the status of Candidates from the list according to the decision .','',_binary '\0','Qualify candidates','2016-02-20 04:38:02','','Qualify candidates',1,154),(223,'Selecting committee, System','Selecting committee should verify whether data provided by Candidate through the system is the same that those on the original high-school certificates .\nMODULE: MOD3_UC2:\nPreconditions: Selecting committee member is logged in to the system.\n','1. 	Selecting committee selects a Candidate who was qualified and selects an option to verify his data .\n2. 	System displays Candidate`s data one by one as a slide show .\n3. 	Selecting committee changes the status of the application to accepted .\n','2.1 IF Data displayed is different then those in original document THEN Selecting committee marks currently presented data as different from the original .\n2.1.2. 	Selecting committee changes the status of the application to rejected . ',_binary '\0','Verify Candidate`s application data','2016-02-20 04:40:49','','Verify Candidate`s application data',1,154),(224,'Selecting committee, System','System should support preparation of the examination for the major .\nMODULE: MOD3_UC3\nPreconditions: Selecting committee member is logged in to the system.\n','1. 	Selecting committee chooses to prepare an examination at a certain major .\n2. 	System presents a form with the data concerning place , time and additional information .\n3. 	Selecting committee provides the data about the examination .\n4. 	System stores the data and displays a confirmation message .\n','3.1 IF Provided data is before that day THEN System informs about the wrong date .\n',_binary '\0','Prepare an examination','2016-02-20 04:43:31','','Prepare an examination',1,154),(225,'Selecting committee, System','module: MOD4_UC1\nPreconditions: Selection committee member is logged in to the system','1. 	Selecting committee chooses the admission-statistics option .\n2. 	Selecting committee chooses one of the admissions from the available in the system .\n3. 	System presents general statistics concerning the number of applications submitted to all majors .\n\n','3.1 IF Selecting committee would like to check detailed statistics THEN Selecting committee chooses a major and selects a show-details option .\n3.1.2. 	System presents detailed information and graphs concerning the number of applications submitted to that major .',_binary '\0','Monitor number of applications','2016-02-20 04:46:29','','Monitor number of applications',1,154),(226,'Administrator, System','Administrator can monitor all the changes that were made in the system .\nmodule: MOD4_UC2\nPreconditions: Administrator is logged in to the system\n','1. 	Administrator chooses the preview-history option .\n2. 	Administrator provides search criteria for the change events in the system .\n3. 	System presents a list of all changes made in the system .\n4. 	Administrator selects an event and chooses a detailed view .\n5. 	System displays detailed information concerning the nature of the change and the user who performed the action . ','',_binary '\0','Monitor changes in the system','2016-02-20 04:48:41','','Monitor changes in the system',1,154),(227,'Administrator, System, Selecting committee ','Administrator and Selection committee can send message to the Candidates .\r\nMODULE: MOD4_UC3\r\nPreconditions: Administrator or Selection committee is logged in to the system.\r\n','1. 	Administrator or Selecting committee selects the send a message option .\r\n2. 	Administrator or Selecting committee selects Users from the list .\r\n3. 	Administrator or Selecting committee enters the message .\r\n4. 	Administrator or Selecting committee confirms sending the message .\r\n5. 	System sends the message to the User e-mail\r\n','2.A No User was selected.\r\n2.A.1.	System informs that at least one User should be selected .\r\n2.A.2.	Go back to step 2 .\r\n2.B The list of Users is empty and the actor is Administrator.\r\n2.B.1.	System shows option to add new User .\r\n2.B.2.	Use case finishes .\r\n3.A Entered message is empty.\r\n3.A.1.	System informs that message can not be empty .\r\n3.A.2.	System shows the template messages .\r\n3.A.3.	Administrator or Selection commitee chooses template .\r\n3.A.4.	System inserts template as message .\r\n3.A.5.	Go back to step 3 .',_binary '\0','Send a message to User','2016-02-18 22:52:52','','Send a message to User',1,154),(228,'Customer, Broker System',' login page loaded','1. Customer selects registration operation\r\n2. Broker System asks for Customer name, date of birth and address\r\n3. Customer enters registration information\r\n4. Broker System validates Customer information\r\n5. Broker System generate login information for Customer\r\n\r\n','4.a. Customer registration information is not valid \r\n4.a.1. Broker System displays registration failure page',_binary '\0','Register Customer','2016-03-17 09:42:36','','Register Customer',1,146),(229,'Administrator, User','Post a group message','1. Administrator logs on to the administration panel.\r\n2. Administrator selects the Post group message option.\r\n3. Administrator types the message and posts it.\r\n4. User receives the message when downloading new data.','',_binary '\0','Post a group message','2016-03-18 04:50:26','','Post a group message',1,155),(230,'Administrator','Configure the server','1. Administrator logs on to the administration panel.\r\n2. Administrator selects the Configure option.\r\n3. Administrator chooses and changes the desired settings.\r\n4. Administrator saves configuration settings.\r\n','4.a. Administrator cancels configuration changes.',_binary '\0','Configure the server','2016-03-18 03:57:01','','Configure the server',1,155),(231,'Administrator, System','Add a new channel group','1. Administrator logs on to the administration panel.\n2. System displays administration options.\n3. Administrator selects the Group and channel management option.\n4. System displays a list of defined channel groups and an add/delete group menu.\n5. Administrator types the name of a new group and selects Add group.\n6. System checks if a group with the given name has not been already defined and if so, inserts the name of a new group into a database.\n7. See step 4.','',_binary '\0','Add a new channel group','2016-03-18 10:01:22','','Add a new channel group',1,155),(232,'Administrator, System','Add a new channel','1. Administrator logs on to the administration panel.\r\n2. System displays administration options.\r\n3. Administrator selects the Group and channel management option.\r\n4. System displays a list of defined channel groups and an add/delete group menu.\r\n5. Administrator chooses a group to which he wants to add a new channel.\r\n6. System displays a list of channels in the selected group and an add/delete menu.\r\n7. Administrator types the name of the channel and the URL of the news service and selects Add channel.\r\n8. System checks if a channel with the given name or URL has not been already defined and if so, inserts the channel information into a database.\r\n9. System adds an information about the new channel to a group message.\r\n10. See step 6.\r\n11. Administrator selects the Finish option.\r\n12. System posts a group message containing information about all new channels in the selected channel group.\r\n','5.a. Administrator adds more channels. Proceed to step 7.',_binary '\0','Add a new channel','2016-03-18 04:08:39','','Add a new channel',1,155),(233,'Administrator, System','Delete a channel','1. Administrator logs on to the administration panel.\n2. System displays administration options.\n3. Administrator selects the Group and channel management option.\n4. System displays a list of defined channel groups and an add/delete group menu.\n5. Administrator chooses a group containing the channel he wants to delete.\n6. System displays a list of channels in the selected group and an add/delete menu.\n7. Administrator selects the channel(s) he wants to delete and chooses the Delete option.\n8. System deletes the selected channels from the database.\n9. System posts a group message containing information about the deleted channels in the selected channel group to all users involved (subscribing the deleted channels).\n10. System deletes all subscription information concerning the deleted channels.','',_binary '\0','Delete a channel','2016-03-18 12:14:04','','Delete a channel',1,155),(234,'Administrator,System','Delete a channel group','1. Administrator logs on to the administration panel.\n2. System displays administration options.\n3. Administrator selects the Group and channel management option.\n4. System displays a list of defined channel groups and an add/delete group menu.\n5. Administrator selects the group(s) he wants to delete and chooses the Delete option.\n6. System asks for confirmation.\n7. System deletes all channels from the selected groups (see: UC5, steps 8 to 10).','',_binary '\0','Delete a channel group','2016-03-18 12:16:28','','Delete a channel group',1,155),(235,'Administrator,System','Delete a user group','1. Administrator logs on to the administration panel.\r\n2. System displays administration options.\r\n3. Administrator selects the Delete users option.\r\n4. System displays the users deletion menu.\r\n5. Administrator selects deletion options (i.e. date of users` last login).\r\n6. Administrator confirms deletion request.\r\n7. System finds all users matching deletion criteria and deletes found user accounts.','6.a. Administrator cancels user deletion',_binary '\0','Delete a user group','2016-03-18 06:19:29','','Delete a user group',1,155),(236,'Daemon, System','Update news','1. Daemon sends a HTTP request to a defined news service.\n2. System receives a RSS-like formatted news file.\n3. System parses the received news file.\n4. System assigns an expiry date and time to each incoming message.\n5. System inserts appropriate parts of the news file into a news database.','',_binary '\0','Update news','2016-03-18 12:21:31','','Update news',1,155),(237,'System','Delete news','1. System queries the database for news messages, whose expiry date and time have passed.\n2. System deletes all returned messages from the database.','',_binary '\0','Delete news','2016-03-18 12:22:09','','Delete news',1,155),(238,'User, System','Register a new user','1. System asks the user if he/she wants to register.\r\n2. User confirms he/she wants to register.\r\n3. System sends a registration request to the server.\r\n4. Server creates a new user account and sends back a user ID.\r\n5. System stores the user ID and instructs the user how to subscribe news channels or configure his/her preferences. \r\n','4.a. User refuses to register.\r\n4.a.1 System displays an information that it cannot be used without prior registration.\r\n4.a.2 User confirms the message.\r\n4.a.3 System terminates.\r\n',_binary '\0','Register a new user','2016-03-18 00:32:22','','Register a new user',1,155),(239,'User, system','Download news','1. User chooses to update locally stored news.\n2. System sends a HTTP request to the Mobile News server.\n3. Server sends all pending group messages.\n4. Server sends separate news messages from all subscribed channels.\n5. System receives news messages and stores them in a local database.\n6. System displays a list of groups with subscribed channels and the number of new messages in each of them.','',_binary '\0','Download news','2016-03-18 12:33:57','Server','Download news',1,155),(240,'User, System','Run the application','1. User starts the application.\r\n2. System checks for registration information.\r\n3. If the user is already registered, the system automatically updates news messages from subscribed channels (refer to Download news use case). If no, the system attempts to register a new user (refer to Register a new user use case).','',_binary '\0','Run the application','2016-03-18 06:36:47','','Run the application',1,155),(241,'User, System','Subscribe/unsubscribe news channels','1. User chooses the Channel subscription option.\n2. System requests for and downloads a list of available groups and channels.\n3. System displays a tree view of available groups and channels and marks those already subscribed by the user.\n4. User selects the channels he/she wants to subscribe and/or deselects already subscribed channels to unsubscribe them and chooses the Change subscription options.\n5. System sends the subscription configuration to the Mobile News server and waits for confirmation.\n6. Server alters the user`s subscription configuration in a database and sends a change confirmation.\n7. System receives the confirmation and displays it.','',_binary '\0','Subscribe/unsubscribe news channels','2016-03-18 12:39:39','Server','Subscribe/unsubscribe news channels',1,155),(242,'User, System','Configure user preferences','1. User chooses the Preferences option.\n2. System displays a list of available options (i.e. font and colour settings, local news caching, etc..)\n3. User configures the option according to his/her preferences and confirm the changes.\n4. System saves user preferences configuration and displays main application view.','',_binary '\0','Configure user preferences','2016-03-18 12:46:12','','Configure user preferences',1,155),(243,'User, System','Read news','1. User chooses a news group from the Today menu.\n2. System displays a list of topics of available messages in chosen group.\n3. User chooses a topic.\n4. System displays the message using user`s appearance preferences.\n5. User reads the message and closes it or uses a hyperlink to go to the full message.\n6. System marks the message as Read.','',_binary '\0','Read news','2016-03-18 12:47:42','','Read news',1,155),(198,'Candidate, System','Candidate has to pay an application fee for each major he/she chooses .\r\nMODULE: MOD1_UC4: \r\nPreconditions:\r\n- Candidate is logged in to the system\r\n- Candidate has chosen at least one major','1. 	Candidate proceeds to the chosen-majors view .\r\n2. 	System presents list containing chosen majors .\r\n3. 	Candidate chooses a major that he/she wants to pay for .\r\n4. 	System presents a payment form and asks about the method of payment .\r\n5. 	Candidate chooses to use a credit card .\r\n6. 	Candidate provides credit card data and confirms payment .\r\n7. 	System presents updated list of the chosen majors .\r\n','5.A Candidate chooses to pay by money transfer.\r\n5.A.1.	System presents Candidate\'s individual account number .\r\n5.A.2.	Candidate performs money transfer ( outside the system ) .\r\n5.A.3.	As soon as as money are registered by System ( MOD2_UC12 ) Candidate can assign payment to the major ( if he/she do not do that, the payment will be assigned automatically according to priorities ) .\r\n5.A.4.	Use cases finishes .',_binary '\0','Assign an application fee to a major','2016-02-19 14:41:18','','Assign an application fee to a major',1,154);
/*!40000 ALTER TABLE `scenario` ENABLE KEYS */;
UNLOCK TABLES;

--
-- Table structure for table `synonym`
--

DROP TABLE IF EXISTS `synonym`;
/*!40101 SET @saved_cs_client     = @@character_set_client */;
 SET character_set_client = utf8mb4 ;
CREATE TABLE `synonym` (
  `id` bigint(20) NOT NULL AUTO_INCREMENT,
  `EXCLUSION_FLAG` bit(1) DEFAULT NULL,
  `INCLUSION_DATE` datetime DEFAULT NULL,
  `NAME` varchar(500) NOT NULL,
  `LEXICON_ID` bigint(20) DEFAULT NULL,
  `OWNER_ID` bigint(20) DEFAULT NULL,
  PRIMARY KEY (`id`),
  KEY `FK3ooadjqfeh62eewv4ujkwcp5k` (`LEXICON_ID`),
  KEY `FKh1m2f24xkcvdl3p1ax8il0g6s` (`OWNER_ID`)
) ENGINE=MyISAM AUTO_INCREMENT=231 DEFAULT CHARSET=latin1;
/*!40101 SET character_set_client = @saved_cs_client */;

--
-- Dumping data for table `synonym`
--

LOCK TABLES `synonym` WRITE;
/*!40000 ALTER TABLE `synonym` DISABLE KEYS */;
INSERT INTO `synonym` VALUES (169,_binary '\0','2011-09-08 09:07:35','sin teste2',205,1),(170,_binary '\0','2011-09-08 09:07:35','sin teste 1',205,1),(171,_binary '\0','2014-01-27 09:47:30','arc',209,1),(172,_binary '\0','2014-01-27 09:48:21','edges',209,1),(173,_binary '\0','2014-01-27 09:48:21','arc',209,1),(174,_binary '\0','2014-01-27 09:48:42','nodes',208,1),(175,_binary '\0','2014-01-27 10:51:25','cenários',210,1),(176,_binary '\0','2014-01-27 10:52:29','CENÁRIO',210,1),(177,_binary '\0','2014-01-27 10:52:29','cenários',210,1),(178,_binary '\0','2014-01-27 11:10:54','CENÁRIO ESTRUTURADO',211,1),(179,_binary '\0','2014-01-27 11:12:10','CASOS DE TESTE',212,1),(180,_binary '\0','2014-01-27 11:14:51','GRAFO DE ATIVIDADES',213,1),(181,_binary '\0','2014-01-27 11:14:51','grafo',213,1),(182,_binary '\0','2014-01-27 11:16:47','GRAFO DE ATIVIDADES',213,1),(183,_binary '\0','2014-01-27 11:16:47','grafo',213,1),(184,_binary '\0','2014-01-27 11:17:17','DIAGRAMA DE ATIVIDADES',213,1),(185,_binary '\0','2014-01-27 11:17:17','GRAFO DE ATIVIDADES',213,1),(186,_binary '\0','2014-01-27 11:17:17','grafo',213,1),(187,_binary '\0','2014-01-27 11:20:10','CENÁRIOS DE TESTE',214,1),(188,_binary '\0','2014-01-27 11:21:21','variável de teste',215,1),(189,_binary '\0','2014-01-27 11:21:21','ELEMENTOS DE TESTE',215,1),(190,_binary '\0','2014-01-27 12:56:16','Símbolo',216,1),(191,_binary '\0','2014-01-27 12:56:16','Entrada',216,1),(192,_binary '\0','2014-01-27 12:56:16','Termo do LEL',216,1),(193,_binary '\0','2014-01-27 12:59:45','Símbolos do LAL',216,1),(194,_binary '\0','2014-01-27 12:59:45','Símbolo',216,1),(195,_binary '\0','2014-01-27 12:59:45','Entrada',216,1),(196,_binary '\0','2014-01-27 12:59:45','Termo do LEL',216,1),(197,_binary '\0','2014-01-28 11:32:29','Usuário',217,1),(198,_binary '\0','2014-01-28 11:32:52','Sistema',218,1),(199,_binary '\0','2014-02-21 12:18:36','sin teste2',205,1),(200,_binary '\0','2014-02-21 12:18:36','sin teste 1',205,1),(201,_binary '\0','2014-05-23 14:52:42','DEO',221,1),(202,_binary '\0','2014-05-23 14:52:42','Lista de DEOs',221,1),(203,_binary '\0','2014-05-23 14:53:40','Engenheiro de Requisitos',222,1),(204,_binary '\0','2014-05-23 15:25:28','projetos',223,1),(205,_binary '\0','2014-05-23 15:25:28','Lista de projetos',223,1),(206,_binary '\0','2014-05-27 13:36:51','variável de teste',215,1),(207,_binary '\0','2014-05-27 13:36:51','ELEMENTOS DE TESTE',215,1),(208,_binary '\0','2014-06-02 06:47:59','Usuário',217,1),(209,_binary '\0','2014-06-02 06:48:09','Usuário',217,1),(210,_binary '\0','2014-06-02 06:49:57','projects',223,1),(211,_binary '\0','2014-06-02 06:49:57','project',223,1),(212,_binary '\0','2014-06-02 06:49:57','projetos',223,1),(213,_binary '\0','2014-06-02 06:49:57','Lista de projetos',223,1),(214,_binary '\0','2014-06-02 06:50:56','usuarios',217,1),(215,_binary '\0','2014-06-02 06:50:56','users',217,1),(216,_binary '\0','2014-06-02 06:50:56','User',217,1),(217,_binary '\0','2014-06-02 06:50:56','Usuário',217,1),(218,_binary '\0','2014-06-02 06:52:05','System',218,1),(219,_binary '\0','2014-06-02 06:52:25','System',218,1),(220,_binary '\0','2014-06-02 06:53:35','symbols',216,1),(221,_binary '\0','2014-06-02 06:53:35','symbol',216,1),(222,_binary '\0','2014-06-02 06:53:35','Símbolos do LAL',216,1),(223,_binary '\0','2014-06-02 06:53:35','Símbolo',216,1),(224,_binary '\0','2014-06-02 06:53:35','Entrada',216,1),(225,_binary '\0','2014-06-02 06:53:35','Termo do LEL',216,1),(226,_binary '\0','2014-06-13 14:35:19','buffer',224,1),(227,_binary '\0','2014-06-13 14:35:44','Character',225,1),(228,_binary '\0','2014-06-13 14:36:18','producer',226,1),(229,_binary '\0','2014-06-13 14:36:39','consumer',227,1),(230,_binary '\0','2014-06-13 14:37:14','Character = ascci.eot',228,1);
/*!40000 ALTER TABLE `synonym` ENABLE KEYS */;
UNLOCK TABLES;

--
-- Table structure for table `user_profile`
--

DROP TABLE IF EXISTS `user_profile`;
/*!40101 SET @saved_cs_client     = @@character_set_client */;
 SET character_set_client = utf8mb4 ;
CREATE TABLE `user_profile` (
  `id` bigint(20) NOT NULL AUTO_INCREMENT,
  `TYPE` varchar(15) NOT NULL,
  PRIMARY KEY (`id`),
  UNIQUE KEY `UK_cva7m2blp7ekclxworqxau1l7` (`TYPE`)
) ENGINE=MyISAM AUTO_INCREMENT=5 DEFAULT CHARSET=latin1;
/*!40101 SET character_set_client = @saved_cs_client */;

--
-- Dumping data for table `user_profile`
--

LOCK TABLES `user_profile` WRITE;
/*!40000 ALTER TABLE `user_profile` DISABLE KEYS */;
INSERT INTO `user_profile` VALUES (1,'USER'),(2,'ADMIN'),(3,'DBA'),(4,'GUEST');
/*!40000 ALTER TABLE `user_profile` ENABLE KEYS */;
UNLOCK TABLES;
/*!40103 SET TIME_ZONE=@OLD_TIME_ZONE */;

/*!40101 SET SQL_MODE=@OLD_SQL_MODE */;
/*!40014 SET FOREIGN_KEY_CHECKS=@OLD_FOREIGN_KEY_CHECKS */;
/*!40014 SET UNIQUE_CHECKS=@OLD_UNIQUE_CHECKS */;
/*!40101 SET CHARACTER_SET_CLIENT=@OLD_CHARACTER_SET_CLIENT */;
/*!40101 SET CHARACTER_SET_RESULTS=@OLD_CHARACTER_SET_RESULTS */;
/*!40101 SET COLLATION_CONNECTION=@OLD_COLLATION_CONNECTION */;
/*!40111 SET SQL_NOTES=@OLD_SQL_NOTES */;

-- Dump completed on 2020-08-24 17:59:47
